,Country,CountryCode,Province,City,CityCode,Lat,Lon,Cases,Status,Date
0,Singapore,SG,,,,1.35,103.82,0,recovered,2020-01-23T00:00:00Z
1,Singapore,SG,,,,1.35,103.82,0,recovered,2020-01-24T00:00:00Z
2,Singapore,SG,,,,1.35,103.82,0,recovered,2020-01-25T00:00:00Z
3,Singapore,SG,,,,1.35,103.82,0,recovered,2020-01-26T00:00:00Z
4,Singapore,SG,,,,1.35,103.82,0,recovered,2020-01-27T00:00:00Z
5,Singapore,SG,,,,1.35,103.82,0,recovered,2020-01-28T00:00:00Z
6,Singapore,SG,,,,1.35,103.82,0,recovered,2020-01-29T00:00:00Z
7,Singapore,SG,,,,1.35,103.82,0,recovered,2020-01-30T00:00:00Z
8,Singapore,SG,,,,1.35,103.82,0,recovered,2020-01-31T00:00:00Z
9,Singapore,SG,,,,1.35,103.82,0,recovered,2020-02-01T00:00:00Z
10,Singapore,SG,,,,1.35,103.82,0,recovered,2020-02-02T00:00:00Z
11,Singapore,SG,,,,1.35,103.82,0,recovered,2020-02-03T00:00:00Z
12,Singapore,SG,,,,1.35,103.82,0,recovered,2020-02-04T00:00:00Z
13,Singapore,SG,,,,1.35,103.82,0,recovered,2020-02-05T00:00:00Z
14,Singapore,SG,,,,1.35,103.82,0,recovered,2020-02-06T00:00:00Z
15,Singapore,SG,,,,1.35,103.82,0,recovered,2020-02-07T00:00:00Z
16,Singapore,SG,,,,1.35,103.82,2,recovered,2020-02-08T00:00:00Z
17,Singapore,SG,,,,1.35,103.82,2,recovered,2020-02-09T00:00:00Z
18,Singapore,SG,,,,1.35,103.82,2,recovered,2020-02-10T00:00:00Z
19,Singapore,SG,,,,1.35,103.82,9,recovered,2020-02-11T00:00:00Z
20,Singapore,SG,,,,1.35,103.82,15,recovered,2020-02-12T00:00:00Z
21,Singapore,SG,,,,1.35,103.82,15,recovered,2020-02-13T00:00:00Z
22,Singapore,SG,,,,1.35,103.82,17,recovered,2020-02-14T00:00:00Z
23,Singapore,SG,,,,1.35,103.82,18,recovered,2020-02-15T00:00:00Z
24,Singapore,SG,,,,1.35,103.82,18,recovered,2020-02-16T00:00:00Z
25,Singapore,SG,,,,1.35,103.82,24,recovered,2020-02-17T00:00:00Z
26,Singapore,SG,,,,1.35,103.82,29,recovered,2020-02-18T00:00:00Z
27,Singapore,SG,,,,1.35,103.82,34,recovered,2020-02-19T00:00:00Z
28,Singapore,SG,,,,1.35,103.82,34,recovered,2020-02-20T00:00:00Z
29,Singapore,SG,,,,1.35,103.82,37,recovered,2020-02-21T00:00:00Z
30,Singapore,SG,,,,1.35,103.82,37,recovered,2020-02-22T00:00:00Z
31,Singapore,SG,,,,1.35,103.82,51,recovered,2020-02-23T00:00:00Z
32,Singapore,SG,,,,1.35,103.82,51,recovered,2020-02-24T00:00:00Z
33,Singapore,SG,,,,1.35,103.82,53,recovered,2020-02-25T00:00:00Z
34,Singapore,SG,,,,1.35,103.82,62,recovered,2020-02-26T00:00:00Z
35,Singapore,SG,,,,1.35,103.82,62,recovered,2020-02-27T00:00:00Z
36,Singapore,SG,,,,1.35,103.82,62,recovered,2020-02-28T00:00:00Z
37,Singapore,SG,,,,1.35,103.82,72,recovered,2020-02-29T00:00:00Z
38,Singapore,SG,,,,1.35,103.82,72,recovered,2020-03-01T00:00:00Z
39,Singapore,SG,,,,1.35,103.82,78,recovered,2020-03-02T00:00:00Z
40,Singapore,SG,,,,1.35,103.82,78,recovered,2020-03-03T00:00:00Z
41,Singapore,SG,,,,1.35,103.82,78,recovered,2020-03-04T00:00:00Z
42,Singapore,SG,,,,1.35,103.82,78,recovered,2020-03-05T00:00:00Z
43,Singapore,SG,,,,1.35,103.82,78,recovered,2020-03-06T00:00:00Z
44,Singapore,SG,,,,1.35,103.82,78,recovered,2020-03-07T00:00:00Z
45,Singapore,SG,,,,1.35,103.82,78,recovered,2020-03-08T00:00:00Z
46,Singapore,SG,,,,1.35,103.82,78,recovered,2020-03-09T00:00:00Z
47,Singapore,SG,,,,1.35,103.82,78,recovered,2020-03-10T00:00:00Z
48,Singapore,SG,,,,1.35,103.82,96,recovered,2020-03-11T00:00:00Z
49,Singapore,SG,,,,1.35,103.82,96,recovered,2020-03-12T00:00:00Z
50,Singapore,SG,,,,1.35,103.82,97,recovered,2020-03-13T00:00:00Z
51,Singapore,SG,,,,1.35,103.82,105,recovered,2020-03-14T00:00:00Z
52,Singapore,SG,,,,1.35,103.82,105,recovered,2020-03-15T00:00:00Z
53,Singapore,SG,,,,1.35,103.82,109,recovered,2020-03-16T00:00:00Z
54,Singapore,SG,,,,1.35,103.82,114,recovered,2020-03-17T00:00:00Z
55,Singapore,SG,,,,1.35,103.82,114,recovered,2020-03-18T00:00:00Z
56,Singapore,SG,,,,1.35,103.82,114,recovered,2020-03-19T00:00:00Z
57,Singapore,SG,,,,1.35,103.82,124,recovered,2020-03-20T00:00:00Z
58,Singapore,SG,,,,1.35,103.82,140,recovered,2020-03-21T00:00:00Z
59,Singapore,SG,,,,1.35,103.82,144,recovered,2020-03-22T00:00:00Z
60,Singapore,SG,,,,1.35,103.82,144,recovered,2020-03-23T00:00:00Z
61,Singapore,SG,,,,1.35,103.82,156,recovered,2020-03-24T00:00:00Z
62,Singapore,SG,,,,1.35,103.82,160,recovered,2020-03-25T00:00:00Z
63,Singapore,SG,,,,1.35,103.82,172,recovered,2020-03-26T00:00:00Z
64,Singapore,SG,,,,1.35,103.82,183,recovered,2020-03-27T00:00:00Z
65,Singapore,SG,,,,1.35,103.82,198,recovered,2020-03-28T00:00:00Z
66,Singapore,SG,,,,1.35,103.82,212,recovered,2020-03-29T00:00:00Z
67,Singapore,SG,,,,1.35,103.82,228,recovered,2020-03-30T00:00:00Z
68,Singapore,SG,,,,1.35,103.82,240,recovered,2020-03-31T00:00:00Z
69,Singapore,SG,,,,1.35,103.82,245,recovered,2020-04-01T00:00:00Z
70,Singapore,SG,,,,1.35,103.82,266,recovered,2020-04-02T00:00:00Z
71,Singapore,SG,,,,1.35,103.82,282,recovered,2020-04-03T00:00:00Z
72,Singapore,SG,,,,1.35,103.82,297,recovered,2020-04-04T00:00:00Z
73,Singapore,SG,,,,1.35,103.82,320,recovered,2020-04-05T00:00:00Z
74,Singapore,SG,,,,1.35,103.82,344,recovered,2020-04-06T00:00:00Z
75,Singapore,SG,,,,1.35,103.82,377,recovered,2020-04-07T00:00:00Z
76,Singapore,SG,,,,1.35,103.82,406,recovered,2020-04-08T00:00:00Z
77,Singapore,SG,,,,1.35,103.82,460,recovered,2020-04-09T00:00:00Z
78,Singapore,SG,,,,1.35,103.82,492,recovered,2020-04-10T00:00:00Z
79,Singapore,SG,,,,1.35,103.82,528,recovered,2020-04-11T00:00:00Z
80,Singapore,SG,,,,1.35,103.82,560,recovered,2020-04-12T00:00:00Z
81,Singapore,SG,,,,1.35,103.82,586,recovered,2020-04-13T00:00:00Z
82,Singapore,SG,,,,1.35,103.82,611,recovered,2020-04-14T00:00:00Z
83,Singapore,SG,,,,1.35,103.82,652,recovered,2020-04-15T00:00:00Z
84,Singapore,SG,,,,1.35,103.82,683,recovered,2020-04-16T00:00:00Z
85,Singapore,SG,,,,1.35,103.82,708,recovered,2020-04-17T00:00:00Z
86,Singapore,SG,,,,1.35,103.82,740,recovered,2020-04-18T00:00:00Z
87,Singapore,SG,,,,1.35,103.82,768,recovered,2020-04-19T00:00:00Z
88,Singapore,SG,,,,1.35,103.82,801,recovered,2020-04-20T00:00:00Z
89,Singapore,SG,,,,1.35,103.82,839,recovered,2020-04-21T00:00:00Z
90,Singapore,SG,,,,1.35,103.82,896,recovered,2020-04-22T00:00:00Z
91,Singapore,SG,,,,1.35,103.82,924,recovered,2020-04-23T00:00:00Z
92,Singapore,SG,,,,1.35,103.82,956,recovered,2020-04-24T00:00:00Z
93,Singapore,SG,,,,1.35,103.82,1002,recovered,2020-04-25T00:00:00Z
94,Singapore,SG,,,,1.35,103.82,1060,recovered,2020-04-26T00:00:00Z
95,Singapore,SG,,,,1.35,103.82,1095,recovered,2020-04-27T00:00:00Z
96,Singapore,SG,,,,1.35,103.82,1128,recovered,2020-04-28T00:00:00Z
97,Singapore,SG,,,,1.35,103.82,1188,recovered,2020-04-29T00:00:00Z
98,Singapore,SG,,,,1.35,103.82,1244,recovered,2020-04-30T00:00:00Z
99,Singapore,SG,,,,1.35,103.82,1268,recovered,2020-05-01T00:00:00Z
100,Singapore,SG,,,,1.35,103.82,1347,recovered,2020-05-02T00:00:00Z
101,Singapore,SG,,,,1.35,103.82,1408,recovered,2020-05-03T00:00:00Z
102,Singapore,SG,,,,1.35,103.82,1457,recovered,2020-05-04T00:00:00Z
103,Singapore,SG,,,,1.35,103.82,1519,recovered,2020-05-05T00:00:00Z
104,Singapore,SG,,,,1.35,103.82,1634,recovered,2020-05-06T00:00:00Z
105,Singapore,SG,,,,1.35,103.82,1712,recovered,2020-05-07T00:00:00Z
106,Singapore,SG,,,,1.35,103.82,2040,recovered,2020-05-08T00:00:00Z
107,Singapore,SG,,,,1.35,103.82,2296,recovered,2020-05-09T00:00:00Z
108,Singapore,SG,,,,1.35,103.82,2721,recovered,2020-05-10T00:00:00Z
109,Singapore,SG,,,,1.35,103.82,3225,recovered,2020-05-11T00:00:00Z
110,Singapore,SG,,,,1.35,103.82,3851,recovered,2020-05-12T00:00:00Z
111,Singapore,SG,,,,1.35,103.82,4809,recovered,2020-05-13T00:00:00Z
112,Singapore,SG,,,,1.35,103.82,5973,recovered,2020-05-14T00:00:00Z
113,Singapore,SG,,,,1.35,103.82,7248,recovered,2020-05-15T00:00:00Z
114,Singapore,SG,,,,1.35,103.82,8342,recovered,2020-05-16T00:00:00Z
115,Singapore,SG,,,,1.35,103.82,9340,recovered,2020-05-17T00:00:00Z
116,Singapore,SG,,,,1.35,103.82,9835,recovered,2020-05-18T00:00:00Z
117,Singapore,SG,,,,1.35,103.82,10365,recovered,2020-05-19T00:00:00Z
118,Singapore,SG,,,,1.35,103.82,11207,recovered,2020-05-20T00:00:00Z
119,Singapore,SG,,,,1.35,103.82,12117,recovered,2020-05-21T00:00:00Z
120,Singapore,SG,,,,1.35,103.82,12995,recovered,2020-05-22T00:00:00Z
121,Singapore,SG,,,,1.35,103.82,13882,recovered,2020-05-23T00:00:00Z
122,Singapore,SG,,,,1.35,103.82,14876,recovered,2020-05-24T00:00:00Z
123,Singapore,SG,,,,1.35,103.82,15738,recovered,2020-05-25T00:00:00Z
124,Singapore,SG,,,,1.35,103.82,16444,recovered,2020-05-26T00:00:00Z
125,Singapore,SG,,,,1.35,103.82,17276,recovered,2020-05-27T00:00:00Z
126,Singapore,SG,,,,1.35,103.82,18294,recovered,2020-05-28T00:00:00Z
127,Singapore,SG,,,,1.35,103.82,19631,recovered,2020-05-29T00:00:00Z
128,Singapore,SG,,,,1.35,103.82,20727,recovered,2020-05-30T00:00:00Z
129,Singapore,SG,,,,1.35,103.82,21699,recovered,2020-05-31T00:00:00Z
130,Singapore,SG,,,,1.35,103.82,22466,recovered,2020-06-01T00:00:00Z
131,Singapore,SG,,,,1.35,103.82,23175,recovered,2020-06-02T00:00:00Z
132,Singapore,SG,,,,1.35,103.82,23582,recovered,2020-06-03T00:00:00Z
133,Singapore,SG,,,,1.35,103.82,23904,recovered,2020-06-04T00:00:00Z
134,Singapore,SG,,,,1.35,103.82,24209,recovered,2020-06-05T00:00:00Z
135,Singapore,SG,,,,1.35,103.82,24559,recovered,2020-06-06T00:00:00Z
136,Singapore,SG,,,,1.35,103.82,24886,recovered,2020-06-07T00:00:00Z
137,Singapore,SG,,,,1.35,103.82,25368,recovered,2020-06-08T00:00:00Z
138,Singapore,SG,,,,1.35,103.82,25877,recovered,2020-06-09T00:00:00Z
139,Singapore,SG,,,,1.35,103.82,26532,recovered,2020-06-10T00:00:00Z
140,Singapore,SG,,,,1.35,103.82,27286,recovered,2020-06-11T00:00:00Z
141,Singapore,SG,,,,1.35,103.82,28040,recovered,2020-06-12T00:00:00Z
142,Singapore,SG,,,,1.35,103.82,28808,recovered,2020-06-13T00:00:00Z
143,Singapore,SG,,,,1.35,103.82,29589,recovered,2020-06-14T00:00:00Z
144,Singapore,SG,,,,1.35,103.82,30366,recovered,2020-06-15T00:00:00Z
145,Singapore,SG,,,,1.35,103.82,31163,recovered,2020-06-16T00:00:00Z
146,Singapore,SG,,,,1.35,103.82,31938,recovered,2020-06-17T00:00:00Z
147,Singapore,SG,,,,1.35,103.82,32712,recovered,2020-06-18T00:00:00Z
148,Singapore,SG,,,,1.35,103.82,33459,recovered,2020-06-19T00:00:00Z
149,Singapore,SG,,,,1.35,103.82,34224,recovered,2020-06-20T00:00:00Z
150,Singapore,SG,,,,1.35,103.82,34942,recovered,2020-06-21T00:00:00Z
151,Singapore,SG,,,,1.35,103.82,35590,recovered,2020-06-22T00:00:00Z
152,Singapore,SG,,,,1.35,103.82,35995,recovered,2020-06-23T00:00:00Z
153,Singapore,SG,,,,1.35,103.82,36299,recovered,2020-06-24T00:00:00Z
154,Singapore,SG,,,,1.35,103.82,36604,recovered,2020-06-25T00:00:00Z
155,Singapore,SG,,,,1.35,103.82,36825,recovered,2020-06-26T00:00:00Z
156,Singapore,SG,,,,1.35,103.82,37163,recovered,2020-06-27T00:00:00Z
157,Singapore,SG,,,,1.35,103.82,37508,recovered,2020-06-28T00:00:00Z
158,Singapore,SG,,,,1.35,103.82,37985,recovered,2020-06-29T00:00:00Z
159,Singapore,SG,,,,1.35,103.82,38500,recovered,2020-06-30T00:00:00Z
160,Singapore,SG,,,,1.35,103.82,39011,recovered,2020-07-01T00:00:00Z
161,Singapore,SG,,,,1.35,103.82,39429,recovered,2020-07-02T00:00:00Z
162,Singapore,SG,,,,1.35,103.82,39769,recovered,2020-07-03T00:00:00Z
163,Singapore,SG,,,,1.35,103.82,40117,recovered,2020-07-04T00:00:00Z
164,Singapore,SG,,,,1.35,103.82,40441,recovered,2020-07-05T00:00:00Z
165,Singapore,SG,,,,1.35,103.82,40717,recovered,2020-07-06T00:00:00Z
166,Singapore,SG,,,,1.35,103.82,41002,recovered,2020-07-07T00:00:00Z
167,Singapore,SG,,,,1.35,103.82,41323,recovered,2020-07-08T00:00:00Z
168,Singapore,SG,,,,1.35,103.82,41645,recovered,2020-07-09T00:00:00Z
169,Singapore,SG,,,,1.35,103.82,41780,recovered,2020-07-10T00:00:00Z
170,Singapore,SG,,,,1.35,103.82,42026,recovered,2020-07-11T00:00:00Z
171,Singapore,SG,,,,1.35,103.82,42285,recovered,2020-07-12T00:00:00Z
172,Singapore,SG,,,,1.35,103.82,42541,recovered,2020-07-13T00:00:00Z
173,Singapore,SG,,,,1.35,103.82,42737,recovered,2020-07-14T00:00:00Z
174,Singapore,SG,,,,1.35,103.82,42988,recovered,2020-07-15T00:00:00Z
175,Singapore,SG,,,,1.35,103.82,43256,recovered,2020-07-16T00:00:00Z
176,Singapore,SG,,,,1.35,103.82,43577,recovered,2020-07-17T00:00:00Z
177,Singapore,SG,,,,1.35,103.82,43833,recovered,2020-07-18T00:00:00Z
178,Singapore,SG,,,,1.35,103.82,44086,recovered,2020-07-19T00:00:00Z
179,Singapore,SG,,,,1.35,103.82,44371,recovered,2020-07-20T00:00:00Z
180,Singapore,SG,,,,1.35,103.82,44584,recovered,2020-07-21T00:00:00Z
181,Singapore,SG,,,,1.35,103.82,44795,recovered,2020-07-22T00:00:00Z
182,Singapore,SG,,,,1.35,103.82,45015,recovered,2020-07-23T00:00:00Z
183,Singapore,SG,,,,1.35,103.82,45172,recovered,2020-07-24T00:00:00Z
184,Singapore,SG,,,,1.35,103.82,45352,recovered,2020-07-25T00:00:00Z
185,Singapore,SG,,,,1.35,103.82,45521,recovered,2020-07-26T00:00:00Z
186,Singapore,SG,,,,1.35,103.82,45692,recovered,2020-07-27T00:00:00Z
187,Singapore,SG,,,,1.35,103.82,45893,recovered,2020-07-28T00:00:00Z
188,Singapore,SG,,,,1.35,103.82,46098,recovered,2020-07-29T00:00:00Z
189,Singapore,SG,,,,1.35,103.82,46308,recovered,2020-07-30T00:00:00Z
190,Singapore,SG,,,,1.35,103.82,46491,recovered,2020-07-31T00:00:00Z
191,Singapore,SG,,,,1.35,103.82,46740,recovered,2020-08-01T00:00:00Z
192,Singapore,SG,,,,1.35,103.82,46926,recovered,2020-08-02T00:00:00Z
193,Singapore,SG,,,,1.35,103.82,47179,recovered,2020-08-03T00:00:00Z
194,Singapore,SG,,,,1.35,103.82,47454,recovered,2020-08-04T00:00:00Z
195,Singapore,SG,,,,1.35,103.82,47768,recovered,2020-08-05T00:00:00Z
196,Singapore,SG,,,,1.35,103.82,48031,recovered,2020-08-06T00:00:00Z
197,Singapore,SG,,,,1.35,103.82,48312,recovered,2020-08-07T00:00:00Z
198,Singapore,SG,,,,1.35,103.82,48583,recovered,2020-08-08T00:00:00Z
199,Singapore,SG,,,,1.35,103.82,48915,recovered,2020-08-09T00:00:00Z
200,Singapore,SG,,,,1.35,103.82,49609,recovered,2020-08-10T00:00:00Z
201,Singapore,SG,,,,1.35,103.82,50128,recovered,2020-08-11T00:00:00Z
202,Singapore,SG,,,,1.35,103.82,50520,recovered,2020-08-12T00:00:00Z
203,Singapore,SG,,,,1.35,103.82,50736,recovered,2020-08-13T00:00:00Z
204,Singapore,SG,,,,1.35,103.82,51049,recovered,2020-08-14T00:00:00Z
205,Singapore,SG,,,,1.35,103.82,51521,recovered,2020-08-15T00:00:00Z
206,Singapore,SG,,,,1.35,103.82,51953,recovered,2020-08-16T00:00:00Z
207,Singapore,SG,,,,1.35,103.82,52350,recovered,2020-08-17T00:00:00Z
208,Singapore,SG,,,,1.35,103.82,52533,recovered,2020-08-18T00:00:00Z
209,Singapore,SG,,,,1.35,103.82,52810,recovered,2020-08-19T00:00:00Z
210,Singapore,SG,,,,1.35,103.82,53119,recovered,2020-08-20T00:00:00Z
211,Singapore,SG,,,,1.35,103.82,53651,recovered,2020-08-21T00:00:00Z
212,Singapore,SG,,,,1.35,103.82,53920,recovered,2020-08-22T00:00:00Z
213,Singapore,SG,,,,1.35,103.82,54164,recovered,2020-08-23T00:00:00Z
214,Singapore,SG,,,,1.35,103.82,54587,recovered,2020-08-24T00:00:00Z
215,Singapore,SG,,,,1.35,103.82,54816,recovered,2020-08-25T00:00:00Z
216,Singapore,SG,,,,1.35,103.82,54971,recovered,2020-08-26T00:00:00Z
217,Singapore,SG,,,,1.35,103.82,55139,recovered,2020-08-27T00:00:00Z
218,Singapore,SG,,,,1.35,103.82,55337,recovered,2020-08-28T00:00:00Z
219,Singapore,SG,,,,1.35,103.82,55447,recovered,2020-08-29T00:00:00Z
220,Singapore,SG,,,,1.35,103.82,55586,recovered,2020-08-30T00:00:00Z
221,Singapore,SG,,,,1.35,103.82,55658,recovered,2020-08-31T00:00:00Z
222,Singapore,SG,,,,1.35,103.82,55749,recovered,2020-09-01T00:00:00Z
223,Singapore,SG,,,,1.35,103.82,55891,recovered,2020-09-02T00:00:00Z
224,Singapore,SG,,,,1.35,103.82,56028,recovered,2020-09-03T00:00:00Z
225,Singapore,SG,,,,1.35,103.82,56174,recovered,2020-09-04T00:00:00Z
226,Singapore,SG,,,,1.35,103.82,56267,recovered,2020-09-05T00:00:00Z
227,Singapore,SG,,,,1.35,103.82,56333,recovered,2020-09-06T00:00:00Z
228,Singapore,SG,,,,1.35,103.82,56408,recovered,2020-09-07T00:00:00Z
229,Singapore,SG,,,,1.35,103.82,56461,recovered,2020-09-08T00:00:00Z
230,Singapore,SG,,,,1.35,103.82,56492,recovered,2020-09-09T00:00:00Z
231,Singapore,SG,,,,1.35,103.82,56558,recovered,2020-09-10T00:00:00Z
232,Singapore,SG,,,,1.35,103.82,56607,recovered,2020-09-11T00:00:00Z
233,Singapore,SG,,,,1.35,103.82,56699,recovered,2020-09-12T00:00:00Z
234,Singapore,SG,,,,1.35,103.82,56764,recovered,2020-09-13T00:00:00Z
235,Singapore,SG,,,,1.35,103.82,56802,recovered,2020-09-14T00:00:00Z
236,Singapore,SG,,,,1.35,103.82,56884,recovered,2020-09-15T00:00:00Z
237,Singapore,SG,,,,1.35,103.82,56955,recovered,2020-09-16T00:00:00Z
238,Singapore,SG,,,,1.35,103.82,57039,recovered,2020-09-17T00:00:00Z
239,Singapore,SG,,,,1.35,103.82,57071,recovered,2020-09-18T00:00:00Z
240,Singapore,SG,,,,1.35,103.82,57142,recovered,2020-09-19T00:00:00Z
241,Singapore,SG,,,,1.35,103.82,57181,recovered,2020-09-20T00:00:00Z
242,Singapore,SG,,,,1.35,103.82,57241,recovered,2020-09-21T00:00:00Z
243,Singapore,SG,,,,1.35,103.82,57262,recovered,2020-09-22T00:00:00Z
244,Singapore,SG,,,,1.35,103.82,57291,recovered,2020-09-23T00:00:00Z
245,Singapore,SG,,,,1.35,103.82,57333,recovered,2020-09-24T00:00:00Z
246,Singapore,SG,,,,1.35,103.82,57341,recovered,2020-09-25T00:00:00Z
247,Singapore,SG,,,,1.35,103.82,57359,recovered,2020-09-26T00:00:00Z
248,Singapore,SG,,,,1.35,103.82,57367,recovered,2020-09-27T00:00:00Z
249,Singapore,SG,,,,1.35,103.82,57393,recovered,2020-09-28T00:00:00Z
250,Singapore,SG,,,,1.35,103.82,57466,recovered,2020-09-29T00:00:00Z
251,Singapore,SG,,,,1.35,103.82,57488,recovered,2020-09-30T00:00:00Z
252,Singapore,SG,,,,1.35,103.82,57512,recovered,2020-10-01T00:00:00Z
253,Singapore,SG,,,,1.35,103.82,57534,recovered,2020-10-02T00:00:00Z
254,Singapore,SG,,,,1.35,103.82,57562,recovered,2020-10-03T00:00:00Z
255,Singapore,SG,,,,1.35,103.82,57575,recovered,2020-10-04T00:00:00Z
256,Singapore,SG,,,,1.35,103.82,57597,recovered,2020-10-05T00:00:00Z
257,Singapore,SG,,,,1.35,103.82,57612,recovered,2020-10-06T00:00:00Z
258,Singapore,SG,,,,1.35,103.82,57624,recovered,2020-10-07T00:00:00Z
259,Singapore,SG,,,,1.35,103.82,57668,recovered,2020-10-08T00:00:00Z
260,Singapore,SG,,,,1.35,103.82,57675,recovered,2020-10-09T00:00:00Z
261,Singapore,SG,,,,1.35,103.82,57698,recovered,2020-10-10T00:00:00Z
262,Singapore,SG,,,,1.35,103.82,57705,recovered,2020-10-11T00:00:00Z
263,Singapore,SG,,,,1.35,103.82,57728,recovered,2020-10-12T00:00:00Z
264,Singapore,SG,,,,1.35,103.82,57740,recovered,2020-10-13T00:00:00Z
265,Singapore,SG,,,,1.35,103.82,57752,recovered,2020-10-14T00:00:00Z
266,Singapore,SG,,,,1.35,103.82,57764,recovered,2020-10-15T00:00:00Z
267,Singapore,SG,,,,1.35,103.82,57784,recovered,2020-10-16T00:00:00Z
268,Singapore,SG,,,,1.35,103.82,57798,recovered,2020-10-17T00:00:00Z
269,Singapore,SG,,,,1.35,103.82,57807,recovered,2020-10-18T00:00:00Z
270,Singapore,SG,,,,1.35,103.82,57819,recovered,2020-10-19T00:00:00Z
271,Singapore,SG,,,,1.35,103.82,57819,recovered,2020-10-20T00:00:00Z
272,Singapore,SG,,,,1.35,103.82,57821,recovered,2020-10-21T00:00:00Z
273,Singapore,SG,,,,1.35,103.82,57829,recovered,2020-10-22T00:00:00Z
274,Singapore,SG,,,,1.35,103.82,57832,recovered,2020-10-23T00:00:00Z
275,Singapore,SG,,,,1.35,103.82,57844,recovered,2020-10-24T00:00:00Z
276,Singapore,SG,,,,1.35,103.82,57858,recovered,2020-10-25T00:00:00Z
277,Singapore,SG,,,,1.35,103.82,57879,recovered,2020-10-26T00:00:00Z
278,Singapore,SG,,,,1.35,103.82,57883,recovered,2020-10-27T00:00:00Z
279,Singapore,SG,,,,1.35,103.82,57890,recovered,2020-10-28T00:00:00Z
280,Singapore,SG,,,,1.35,103.82,57899,recovered,2020-10-29T00:00:00Z
281,Singapore,SG,,,,1.35,103.82,57909,recovered,2020-10-30T00:00:00Z
282,Singapore,SG,,,,1.35,103.82,57913,recovered,2020-10-31T00:00:00Z
283,Singapore,SG,,,,1.35,103.82,57924,recovered,2020-11-01T00:00:00Z
284,Singapore,SG,,,,1.35,103.82,57924,recovered,2020-11-02T00:00:00Z
285,Singapore,SG,,,,1.35,103.82,57937,recovered,2020-11-03T00:00:00Z
286,Singapore,SG,,,,1.35,103.82,57938,recovered,2020-11-04T00:00:00Z
287,Singapore,SG,,,,1.35,103.82,57949,recovered,2020-11-05T00:00:00Z
288,Singapore,SG,,,,1.35,103.82,57959,recovered,2020-11-06T00:00:00Z
289,Singapore,SG,,,,1.35,103.82,57968,recovered,2020-11-07T00:00:00Z
290,Singapore,SG,,,,1.35,103.82,57975,recovered,2020-11-08T00:00:00Z
291,Singapore,SG,,,,1.35,103.82,57981,recovered,2020-11-09T00:00:00Z
292,Singapore,SG,,,,1.35,103.82,57985,recovered,2020-11-10T00:00:00Z
293,Singapore,SG,,,,1.35,103.82,57990,recovered,2020-11-11T00:00:00Z
294,Singapore,SG,,,,1.35,103.82,58002,recovered,2020-11-12T00:00:00Z
295,Singapore,SG,,,,1.35,103.82,58008,recovered,2020-11-13T00:00:00Z
296,Singapore,SG,,,,1.35,103.82,58019,recovered,2020-11-14T00:00:00Z
297,Singapore,SG,,,,1.35,103.82,58029,recovered,2020-11-15T00:00:00Z
298,Singapore,SG,,,,1.35,103.82,58033,recovered,2020-11-16T00:00:00Z
299,Singapore,SG,,,,1.35,103.82,58039,recovered,2020-11-17T00:00:00Z
300,Singapore,SG,,,,1.35,103.82,58046,recovered,2020-11-18T00:00:00Z
301,Singapore,SG,,,,1.35,103.82,58052,recovered,2020-11-19T00:00:00Z
302,Singapore,SG,,,,1.35,103.82,58058,recovered,2020-11-20T00:00:00Z
303,Singapore,SG,,,,1.35,103.82,58064,recovered,2020-11-21T00:00:00Z
304,Singapore,SG,,,,1.35,103.82,58067,recovered,2020-11-22T00:00:00Z
305,Singapore,SG,,,,1.35,103.82,58071,recovered,2020-11-23T00:00:00Z
306,Singapore,SG,,,,1.35,103.82,58079,recovered,2020-11-24T00:00:00Z
307,Singapore,SG,,,,1.35,103.82,58091,recovered,2020-11-25T00:00:00Z
308,Singapore,SG,,,,1.35,103.82,58104,recovered,2020-11-26T00:00:00Z
309,Singapore,SG,,,,1.35,103.82,58111,recovered,2020-11-27T00:00:00Z
310,Singapore,SG,,,,1.35,103.82,58119,recovered,2020-11-28T00:00:00Z
311,Singapore,SG,,,,1.35,103.82,58124,recovered,2020-11-29T00:00:00Z
312,Singapore,SG,,,,1.35,103.82,58134,recovered,2020-11-30T00:00:00Z
313,Singapore,SG,,,,1.35,103.82,58139,recovered,2020-12-01T00:00:00Z
314,Singapore,SG,,,,1.35,103.82,58144,recovered,2020-12-02T00:00:00Z
315,Singapore,SG,,,,1.35,103.82,58145,recovered,2020-12-03T00:00:00Z
316,Singapore,SG,,,,1.35,103.82,58152,recovered,2020-12-04T00:00:00Z
317,Singapore,SG,,,,1.35,103.82,58158,recovered,2020-12-05T00:00:00Z
318,Singapore,SG,,,,1.35,103.82,58160,recovered,2020-12-06T00:00:00Z
319,Singapore,SG,,,,1.35,103.82,58168,recovered,2020-12-07T00:00:00Z
320,Singapore,SG,,,,1.35,103.82,58176,recovered,2020-12-08T00:00:00Z
321,Singapore,SG,,,,1.35,103.82,58182,recovered,2020-12-09T00:00:00Z
322,Singapore,SG,,,,1.35,103.82,58188,recovered,2020-12-10T00:00:00Z
323,Singapore,SG,,,,1.35,103.82,58192,recovered,2020-12-11T00:00:00Z
324,Singapore,SG,,,,1.35,103.82,58197,recovered,2020-12-12T00:00:00Z
325,Singapore,SG,,,,1.35,103.82,58208,recovered,2020-12-13T00:00:00Z
326,Singapore,SG,,,,1.35,103.82,58210,recovered,2020-12-14T00:00:00Z
327,Singapore,SG,,,,1.35,103.82,58233,recovered,2020-12-15T00:00:00Z
328,Singapore,SG,,,,1.35,103.82,58238,recovered,2020-12-16T00:00:00Z
329,Singapore,SG,,,,1.35,103.82,58252,recovered,2020-12-17T00:00:00Z
330,Singapore,SG,,,,1.35,103.82,58265,recovered,2020-12-18T00:00:00Z
331,Singapore,SG,,,,1.35,103.82,58274,recovered,2020-12-19T00:00:00Z
332,Singapore,SG,,,,1.35,103.82,58279,recovered,2020-12-20T00:00:00Z
333,Singapore,SG,,,,1.35,103.82,58287,recovered,2020-12-21T00:00:00Z
334,Singapore,SG,,,,1.35,103.82,58304,recovered,2020-12-22T00:00:00Z
335,Singapore,SG,,,,1.35,103.82,58322,recovered,2020-12-23T00:00:00Z
336,Singapore,SG,,,,1.35,103.82,58332,recovered,2020-12-24T00:00:00Z
337,Singapore,SG,,,,1.35,103.82,58352,recovered,2020-12-25T00:00:00Z
338,Singapore,SG,,,,1.35,103.82,58362,recovered,2020-12-26T00:00:00Z
339,Singapore,SG,,,,1.35,103.82,58370,recovered,2020-12-27T00:00:00Z
340,Singapore,SG,,,,1.35,103.82,58386,recovered,2020-12-28T00:00:00Z
341,Singapore,SG,,,,1.35,103.82,58400,recovered,2020-12-29T00:00:00Z
342,Singapore,SG,,,,1.35,103.82,58411,recovered,2020-12-30T00:00:00Z
343,Singapore,SG,,,,1.35,103.82,58449,recovered,2020-12-31T00:00:00Z
344,Singapore,SG,,,,1.35,103.82,58449,recovered,2021-01-01T00:00:00Z
345,Singapore,SG,,,,1.35,103.82,58476,recovered,2021-01-02T00:00:00Z
346,Singapore,SG,,,,1.35,103.82,58487,recovered,2021-01-03T00:00:00Z
347,Singapore,SG,,,,1.35,103.82,58497,recovered,2021-01-04T00:00:00Z
348,Singapore,SG,,,,1.35,103.82,58517,recovered,2021-01-05T00:00:00Z
349,Singapore,SG,,,,1.35,103.82,58541,recovered,2021-01-06T00:00:00Z
350,Singapore,SG,,,,1.35,103.82,58562,recovered,2021-01-07T00:00:00Z
351,Singapore,SG,,,,1.35,103.82,58580,recovered,2021-01-08T00:00:00Z
352,Singapore,SG,,,,1.35,103.82,58611,recovered,2021-01-09T00:00:00Z
353,Singapore,SG,,,,1.35,103.82,58636,recovered,2021-01-10T00:00:00Z
354,Singapore,SG,,,,1.35,103.82,58668,recovered,2021-01-11T00:00:00Z
355,Singapore,SG,,,,1.35,103.82,58694,recovered,2021-01-12T00:00:00Z
356,Singapore,SG,,,,1.35,103.82,58722,recovered,2021-01-13T00:00:00Z
357,Singapore,SG,,,,1.35,103.82,58757,recovered,2021-01-14T00:00:00Z
358,Singapore,SG,,,,1.35,103.82,58771,recovered,2021-01-15T00:00:00Z
359,Singapore,SG,,,,1.35,103.82,58784,recovered,2021-01-16T00:00:00Z
360,Singapore,SG,,,,1.35,103.82,58846,recovered,2021-01-17T00:00:00Z
361,Singapore,SG,,,,1.35,103.82,58868,recovered,2021-01-18T00:00:00Z
362,Singapore,SG,,,,1.35,103.82,58894,recovered,2021-01-19T00:00:00Z
363,Singapore,SG,,,,1.35,103.82,58926,recovered,2021-01-20T00:00:00Z
364,Singapore,SG,,,,1.35,103.82,58959,recovered,2021-01-21T00:00:00Z
365,Singapore,SG,,,,1.35,103.82,58983,recovered,2021-01-22T00:00:00Z
366,Singapore,SG,,,,1.35,103.82,59015,recovered,2021-01-23T00:00:00Z
367,Singapore,SG,,,,1.35,103.82,59041,recovered,2021-01-24T00:00:00Z
368,Singapore,SG,,,,1.35,103.82,59066,recovered,2021-01-25T00:00:00Z
369,Singapore,SG,,,,1.35,103.82,59086,recovered,2021-01-26T00:00:00Z
370,Singapore,SG,,,,1.35,103.82,59104,recovered,2021-01-27T00:00:00Z
371,Singapore,SG,,,,1.35,103.82,59148,recovered,2021-01-28T00:00:00Z
372,Singapore,SG,,,,1.35,103.82,59181,recovered,2021-01-29T00:00:00Z
373,Singapore,SG,,,,1.35,103.82,59196,recovered,2021-01-30T00:00:00Z
374,Singapore,SG,,,,1.35,103.82,59228,recovered,2021-01-31T00:00:00Z
375,Singapore,SG,,,,1.35,103.82,59271,recovered,2021-02-01T00:00:00Z
376,Singapore,SG,,,,1.35,103.82,59301,recovered,2021-02-02T00:00:00Z
377,Singapore,SG,,,,1.35,103.82,59320,recovered,2021-02-03T00:00:00Z
378,Singapore,SG,,,,1.35,103.82,59348,recovered,2021-02-04T00:00:00Z
379,Singapore,SG,,,,1.35,103.82,59373,recovered,2021-02-05T00:00:00Z
380,Singapore,SG,,,,1.35,103.82,59405,recovered,2021-02-06T00:00:00Z
381,Singapore,SG,,,,1.35,103.82,59433,recovered,2021-02-07T00:00:00Z
382,Singapore,SG,,,,1.35,103.82,59484,recovered,2021-02-08T00:00:00Z
383,Singapore,SG,,,,1.35,103.82,59506,recovered,2021-02-09T00:00:00Z
384,Singapore,SG,,,,1.35,103.82,59526,recovered,2021-02-10T00:00:00Z
385,Singapore,SG,,,,1.35,103.82,59558,recovered,2021-02-11T00:00:00Z
386,Singapore,SG,,,,1.35,103.82,59569,recovered,2021-02-12T00:00:00Z
387,Singapore,SG,,,,1.35,103.82,59604,recovered,2021-02-13T00:00:00Z
388,Singapore,SG,,,,1.35,103.82,59621,recovered,2021-02-14T00:00:00Z
389,Singapore,SG,,,,1.35,103.82,59641,recovered,2021-02-15T00:00:00Z
390,Singapore,SG,,,,1.35,103.82,59661,recovered,2021-02-16T00:00:00Z
391,Singapore,SG,,,,1.35,103.82,59676,recovered,2021-02-17T00:00:00Z
392,Singapore,SG,,,,1.35,103.82,59679,recovered,2021-02-18T00:00:00Z
393,Singapore,SG,,,,1.35,103.82,59697,recovered,2021-02-19T00:00:00Z
394,Singapore,SG,,,,1.35,103.82,59719,recovered,2021-02-20T00:00:00Z
395,Singapore,SG,,,,1.35,103.82,59731,recovered,2021-02-21T00:00:00Z
396,Singapore,SG,,,,1.35,103.82,59746,recovered,2021-02-22T00:00:00Z
397,Singapore,SG,,,,1.35,103.82,59753,recovered,2021-02-23T00:00:00Z
398,Singapore,SG,,,,1.35,103.82,59761,recovered,2021-02-24T00:00:00Z
399,Singapore,SG,,,,1.35,103.82,59785,recovered,2021-02-25T00:00:00Z
400,Singapore,SG,,,,1.35,103.82,59803,recovered,2021-02-26T00:00:00Z
401,Singapore,SG,,,,1.35,103.82,59816,recovered,2021-02-27T00:00:00Z
402,Singapore,SG,,,,1.35,103.82,59823,recovered,2021-02-28T00:00:00Z
403,Singapore,SG,,,,1.35,103.82,59830,recovered,2021-03-01T00:00:00Z
404,Singapore,SG,,,,1.35,103.82,59842,recovered,2021-03-02T00:00:00Z
405,Singapore,SG,,,,1.35,103.82,59849,recovered,2021-03-03T00:00:00Z
406,Singapore,SG,,,,1.35,103.82,59857,recovered,2021-03-04T00:00:00Z
407,Singapore,SG,,,,1.35,103.82,59870,recovered,2021-03-05T00:00:00Z
408,Singapore,SG,,,,1.35,103.82,59879,recovered,2021-03-06T00:00:00Z
409,Singapore,SG,,,,1.35,103.82,59894,recovered,2021-03-07T00:00:00Z
410,Singapore,SG,,,,1.35,103.82,59900,recovered,2021-03-08T00:00:00Z
411,Singapore,SG,,,,1.35,103.82,59905,recovered,2021-03-09T00:00:00Z
412,Singapore,SG,,,,1.35,103.82,59911,recovered,2021-03-10T00:00:00Z
413,Singapore,SG,,,,1.35,103.82,59939,recovered,2021-03-11T00:00:00Z
414,Singapore,SG,,,,1.35,103.82,59950,recovered,2021-03-12T00:00:00Z
415,Singapore,SG,,,,1.35,103.82,59961,recovered,2021-03-13T00:00:00Z
416,Singapore,SG,,,,1.35,103.82,59968,recovered,2021-03-14T00:00:00Z
417,Singapore,SG,,,,1.35,103.82,59974,recovered,2021-03-15T00:00:00Z
418,Singapore,SG,,,,1.35,103.82,59984,recovered,2021-03-16T00:00:00Z
419,Singapore,SG,,,,1.35,103.82,60001,recovered,2021-03-17T00:00:00Z
420,Singapore,SG,,,,1.35,103.82,60014,recovered,2021-03-18T00:00:00Z
421,Singapore,SG,,,,1.35,103.82,60019,recovered,2021-03-19T00:00:00Z
422,Singapore,SG,,,,1.35,103.82,60022,recovered,2021-03-20T00:00:00Z
423,Singapore,SG,,,,1.35,103.82,60038,recovered,2021-03-21T00:00:00Z
424,Singapore,SG,,,,1.35,103.82,60051,recovered,2021-03-22T00:00:00Z
425,Singapore,SG,,,,1.35,103.82,60063,recovered,2021-03-23T00:00:00Z
426,Singapore,SG,,,,1.35,103.82,60078,recovered,2021-03-24T00:00:00Z
427,Singapore,SG,,,,1.35,103.82,60086,recovered,2021-03-25T00:00:00Z
428,Singapore,SG,,,,1.35,103.82,60103,recovered,2021-03-26T00:00:00Z
429,Singapore,SG,,,,1.35,103.82,60113,recovered,2021-03-27T00:00:00Z
430,Singapore,SG,,,,1.35,103.82,60122,recovered,2021-03-28T00:00:00Z
431,Singapore,SG,,,,1.35,103.82,60131,recovered,2021-03-29T00:00:00Z
432,Singapore,SG,,,,1.35,103.82,60138,recovered,2021-03-30T00:00:00Z
433,Singapore,SG,,,,1.35,103.82,60149,recovered,2021-03-31T00:00:00Z
434,Singapore,SG,,,,1.35,103.82,60161,recovered,2021-04-01T00:00:00Z
435,Singapore,SG,,,,1.35,103.82,60176,recovered,2021-04-02T00:00:00Z
436,Singapore,SG,,,,1.35,103.82,60185,recovered,2021-04-03T00:00:00Z
437,Singapore,SG,,,,1.35,103.82,60202,recovered,2021-04-04T00:00:00Z
438,Singapore,SG,,,,1.35,103.82,60214,recovered,2021-04-05T00:00:00Z
439,Singapore,SG,,,,1.35,103.82,60239,recovered,2021-04-06T00:00:00Z
440,Singapore,SG,,,,1.35,103.82,60260,recovered,2021-04-07T00:00:00Z
441,Singapore,SG,,,,1.35,103.82,60284,recovered,2021-04-08T00:00:00Z
442,Singapore,SG,,,,1.35,103.82,60304,recovered,2021-04-09T00:00:00Z
443,Singapore,SG,,,,1.35,103.82,60322,recovered,2021-04-10T00:00:00Z
444,Singapore,SG,,,,1.35,103.82,60335,recovered,2021-04-11T00:00:00Z
445,Singapore,SG,,,,1.35,103.82,60357,recovered,2021-04-12T00:00:00Z
446,Singapore,SG,,,,1.35,103.82,60374,recovered,2021-04-13T00:00:00Z
447,Singapore,SG,,,,1.35,103.82,60392,recovered,2021-04-14T00:00:00Z
448,Singapore,SG,,,,1.35,103.82,60417,recovered,2021-04-15T00:00:00Z
449,Singapore,SG,,,,1.35,103.82,60446,recovered,2021-04-16T00:00:00Z
450,Singapore,SG,,,,1.35,103.82,60463,recovered,2021-04-17T00:00:00Z
451,Singapore,SG,,,,1.35,103.82,60485,recovered,2021-04-18T00:00:00Z
452,Singapore,SG,,,,1.35,103.82,60503,recovered,2021-04-19T00:00:00Z
453,Singapore,SG,,,,1.35,103.82,60540,recovered,2021-04-20T00:00:00Z
454,Singapore,SG,,,,1.35,103.82,60576,recovered,2021-04-21T00:00:00Z
455,Singapore,SG,,,,1.35,103.82,60603,recovered,2021-04-22T00:00:00Z
456,Singapore,SG,,,,1.35,103.82,60613,recovered,2021-04-23T00:00:00Z
457,Singapore,SG,,,,1.35,103.82,60629,recovered,2021-04-24T00:00:00Z
458,Singapore,SG,,,,1.35,103.82,60662,recovered,2021-04-25T00:00:00Z
459,Singapore,SG,,,,1.35,103.82,60682,recovered,2021-04-26T00:00:00Z
460,Singapore,SG,,,,1.35,103.82,60704,recovered,2021-04-27T00:00:00Z
461,Singapore,SG,,,,1.35,103.82,60718,recovered,2021-04-28T00:00:00Z
462,Singapore,SG,,,,1.35,103.82,60718,recovered,2021-04-29T00:00:00Z
463,Singapore,SG,,,,1.35,103.82,60751,recovered,2021-04-30T00:00:00Z
464,Singapore,SG,,,,1.35,103.82,60765,recovered,2021-05-01T00:00:00Z
465,Singapore,SG,,,,1.35,103.82,60786,recovered,2021-05-02T00:00:00Z
466,Singapore,SG,,,,1.35,103.82,60806,recovered,2021-05-03T00:00:00Z
467,Singapore,SG,,,,1.35,103.82,60823,recovered,2021-05-04T00:00:00Z
468,Singapore,SG,,,,1.35,103.82,60844,recovered,2021-05-05T00:00:00Z
469,Singapore,SG,,,,1.35,103.82,60873,recovered,2021-05-06T00:00:00Z
470,Singapore,SG,,,,1.35,103.82,60906,recovered,2021-05-07T00:00:00Z
471,Singapore,SG,,,,1.35,103.82,60912,recovered,2021-05-08T00:00:00Z
472,Singapore,SG,,,,1.35,103.82,60933,recovered,2021-05-09T00:00:00Z
473,Singapore,SG,,,,1.35,103.82,60953,recovered,2021-05-10T00:00:00Z
474,Singapore,SG,,,,1.35,103.82,60975,recovered,2021-05-11T00:00:00Z
475,Singapore,SG,,,,1.35,103.82,61006,recovered,2021-05-12T00:00:00Z
476,Singapore,SG,,,,1.35,103.82,61029,recovered,2021-05-13T00:00:00Z
477,Singapore,SG,,,,1.35,103.82,61047,recovered,2021-05-14T00:00:00Z
478,Singapore,SG,,,,1.35,103.82,61062,recovered,2021-05-15T00:00:00Z
479,Singapore,SG,,,,1.35,103.82,61104,recovered,2021-05-16T00:00:00Z
480,Singapore,SG,,,,1.35,103.82,61123,recovered,2021-05-17T00:00:00Z
481,Singapore,SG,,,,1.35,103.82,61134,recovered,2021-05-18T00:00:00Z
482,Singapore,SG,,,,1.35,103.82,61183,recovered,2021-05-19T00:00:00Z
483,Singapore,SG,,,,1.35,103.82,61229,recovered,2021-05-20T00:00:00Z
484,Singapore,SG,,,,1.35,103.82,61242,recovered,2021-05-21T00:00:00Z
485,Singapore,SG,,,,1.35,103.82,61277,recovered,2021-05-22T00:00:00Z
486,Singapore,SG,,,,1.35,103.82,61294,recovered,2021-05-23T00:00:00Z
487,Singapore,SG,,,,1.35,103.82,61316,recovered,2021-05-24T00:00:00Z
488,Singapore,SG,,,,1.35,103.82,61329,recovered,2021-05-25T00:00:00Z
489,Singapore,SG,,,,1.35,103.82,61360,recovered,2021-05-26T00:00:00Z
490,Singapore,SG,,,,1.35,103.82,61372,recovered,2021-05-27T00:00:00Z
491,Singapore,SG,,,,1.35,103.82,61407,recovered,2021-05-28T00:00:00Z
492,Singapore,SG,,,,1.35,103.82,61423,recovered,2021-05-29T00:00:00Z
493,Singapore,SG,,,,1.35,103.82,61434,recovered,2021-05-30T00:00:00Z
494,Singapore,SG,,,,1.35,103.82,61459,recovered,2021-05-31T00:00:00Z
495,Singapore,SG,,,,1.35,103.82,61481,recovered,2021-06-01T00:00:00Z
496,Singapore,SG,,,,1.35,103.82,61523,recovered,2021-06-02T00:00:00Z
497,Singapore,SG,,,,1.35,103.82,61557,recovered,2021-06-03T00:00:00Z
498,Singapore,SG,,,,1.35,103.82,61580,recovered,2021-06-04T00:00:00Z
499,Singapore,SG,,,,1.35,103.82,61613,recovered,2021-06-05T00:00:00Z
500,Singapore,SG,,,,1.35,103.82,61635,recovered,2021-06-06T00:00:00Z
501,Singapore,SG,,,,1.35,103.82,61660,recovered,2021-06-07T00:00:00Z
502,Singapore,SG,,,,1.35,103.82,61702,recovered,2021-06-08T00:00:00Z
503,Singapore,SG,,,,1.35,103.82,61740,recovered,2021-06-09T00:00:00Z
504,Singapore,SG,,,,1.35,103.82,61765,recovered,2021-06-10T00:00:00Z
505,Singapore,SG,,,,1.35,103.82,61799,recovered,2021-06-11T00:00:00Z
506,Singapore,SG,,,,1.35,103.82,61799,recovered,2021-06-12T00:00:00Z
507,Singapore,SG,,,,1.35,103.82,61869,recovered,2021-06-13T00:00:00Z
508,Singapore,SG,,,,1.35,103.82,61894,recovered,2021-06-14T00:00:00Z
509,Singapore,SG,,,,1.35,103.82,61911,recovered,2021-06-15T00:00:00Z
510,Singapore,SG,,,,1.35,103.82,61931,recovered,2021-06-16T00:00:00Z
511,Singapore,SG,,,,1.35,103.82,61960,recovered,2021-06-17T00:00:00Z
512,Singapore,SG,,,,1.35,103.82,61987,recovered,2021-06-18T00:00:00Z
513,Singapore,SG,,,,1.35,103.82,62023,recovered,2021-06-19T00:00:00Z
514,Singapore,SG,,,,1.35,103.82,62042,recovered,2021-06-20T00:00:00Z
515,Singapore,SG,,,,1.35,103.82,62070,recovered,2021-06-21T00:00:00Z
516,Singapore,SG,,,,1.35,103.82,62098,recovered,2021-06-22T00:00:00Z
517,Singapore,SG,,,,1.35,103.82,62113,recovered,2021-06-23T00:00:00Z
518,Singapore,SG,,,,1.35,103.82,62140,recovered,2021-06-24T00:00:00Z
519,Singapore,SG,,,,1.35,103.82,62161,recovered,2021-06-25T00:00:00Z
520,Singapore,SG,,,,1.35,103.82,62181,recovered,2021-06-26T00:00:00Z
521,Singapore,SG,,,,1.35,103.82,62195,recovered,2021-06-27T00:00:00Z
522,Singapore,SG,,,,1.35,103.82,62212,recovered,2021-06-28T00:00:00Z
523,Singapore,SG,,,,1.35,103.82,62563,recovered,2021-06-29T00:00:00Z
524,Singapore,SG,,,,1.35,103.82,62228,recovered,2021-06-30T00:00:00Z
525,Singapore,SG,,,,1.35,103.82,62234,recovered,2021-07-01T00:00:00Z
526,Singapore,SG,,,,1.35,103.82,62250,recovered,2021-07-02T00:00:00Z
527,Singapore,SG,,,,1.35,103.82,62265,recovered,2021-07-03T00:00:00Z
528,Singapore,SG,,,,1.35,103.82,62286,recovered,2021-07-04T00:00:00Z
529,Singapore,SG,,,,1.35,103.82,62299,recovered,2021-07-05T00:00:00Z
530,Singapore,SG,,,,1.35,103.82,62313,recovered,2021-07-06T00:00:00Z
531,Singapore,SG,,,,1.35,103.82,62341,recovered,2021-07-07T00:00:00Z
532,Singapore,SG,,,,1.35,103.82,62363,recovered,2021-07-08T00:00:00Z
533,Singapore,SG,,,,1.35,103.82,62374,recovered,2021-07-09T00:00:00Z
534,Singapore,SG,,,,1.35,103.82,62397,recovered,2021-07-10T00:00:00Z
535,Singapore,SG,,,,1.35,103.82,62414,recovered,2021-07-11T00:00:00Z
536,Singapore,SG,,,,1.35,103.82,62432,recovered,2021-07-12T00:00:00Z
537,Singapore,SG,,,,1.35,103.82,62453,recovered,2021-07-13T00:00:00Z
538,Singapore,SG,,,,1.35,103.82,62467,recovered,2021-07-14T00:00:00Z
539,Singapore,SG,,,,1.35,103.82,62481,recovered,2021-07-15T00:00:00Z
540,Singapore,SG,,,,1.35,103.82,62498,recovered,2021-07-16T00:00:00Z
541,Singapore,SG,,,,1.35,103.82,62512,recovered,2021-07-17T00:00:00Z
542,Singapore,SG,,,,1.35,103.82,62526,recovered,2021-07-18T00:00:00Z
543,Singapore,SG,,,,1.35,103.82,62532,recovered,2021-07-19T00:00:00Z
544,Singapore,SG,,,,1.35,103.82,62543,recovered,2021-07-20T00:00:00Z
545,Singapore,SG,,,,1.35,103.82,62560,recovered,2021-07-21T00:00:00Z
546,Singapore,SG,,,,1.35,103.82,62576,recovered,2021-07-22T00:00:00Z
547,Singapore,SG,,,,1.35,103.82,62587,recovered,2021-07-23T00:00:00Z
548,Singapore,SG,,,,1.35,103.82,62595,recovered,2021-07-24T00:00:00Z
549,Singapore,SG,,,,1.35,103.82,62605,recovered,2021-07-25T00:00:00Z
550,Singapore,SG,,,,1.35,103.82,62617,recovered,2021-07-26T00:00:00Z
551,Singapore,SG,,,,1.35,103.82,62637,recovered,2021-07-27T00:00:00Z
552,Singapore,SG,,,,1.35,103.82,62663,recovered,2021-07-28T00:00:00Z
553,Singapore,SG,,,,1.35,103.82,62679,recovered,2021-07-29T00:00:00Z
554,Singapore,SG,,,,1.35,103.82,62733,recovered,2021-07-30T00:00:00Z
555,Singapore,SG,,,,1.35,103.82,62863,recovered,2021-07-31T00:00:00Z
556,Singapore,SG,,,,1.35,103.82,62957,recovered,2021-08-01T00:00:00Z
557,Singapore,SG,,,,1.35,103.82,63033,recovered,2021-08-02T00:00:00Z
558,Singapore,SG,,,,1.35,103.82,63252,recovered,2021-08-03T00:00:00Z
559,Singapore,SG,,,,1.35,103.82,63357,recovered,2021-08-04T00:00:00Z
560,Singapore,SG,,,,1.35,103.82,0,recovered,2021-08-05T00:00:00Z
561,Singapore,SG,,,,1.35,103.82,0,recovered,2021-08-06T00:00:00Z
562,Singapore,SG,,,,1.35,103.82,0,recovered,2021-08-07T00:00:00Z
563,Singapore,SG,,,,1.35,103.82,0,recovered,2021-08-08T00:00:00Z
564,Singapore,SG,,,,1.35,103.82,0,recovered,2021-08-09T00:00:00Z
565,Singapore,SG,,,,1.35,103.82,0,recovered,2021-08-10T00:00:00Z
566,Singapore,SG,,,,1.35,103.82,0,recovered,2021-08-11T00:00:00Z
567,Singapore,SG,,,,1.35,103.82,0,recovered,2021-08-12T00:00:00Z
568,Singapore,SG,,,,1.35,103.82,0,recovered,2021-08-13T00:00:00Z
569,Singapore,SG,,,,1.35,103.82,0,recovered,2021-08-14T00:00:00Z
570,Singapore,SG,,,,1.35,103.82,0,recovered,2021-08-15T00:00:00Z
571,Singapore,SG,,,,1.35,103.82,0,recovered,2021-08-16T00:00:00Z
572,Singapore,SG,,,,1.35,103.82,0,recovered,2021-08-17T00:00:00Z
573,Singapore,SG,,,,1.35,103.82,0,recovered,2021-08-18T00:00:00Z
574,Singapore,SG,,,,1.35,103.82,0,recovered,2021-08-19T00:00:00Z
575,Singapore,SG,,,,1.35,103.82,0,recovered,2021-08-20T00:00:00Z
576,Singapore,SG,,,,1.35,103.82,0,recovered,2021-08-21T00:00:00Z
577,Singapore,SG,,,,1.35,103.82,0,recovered,2021-08-22T00:00:00Z
578,Singapore,SG,,,,1.35,103.82,0,recovered,2021-08-23T00:00:00Z
579,Singapore,SG,,,,1.35,103.82,0,recovered,2021-08-24T00:00:00Z
580,Singapore,SG,,,,1.35,103.82,0,recovered,2021-08-25T00:00:00Z
581,Singapore,SG,,,,1.35,103.82,0,recovered,2021-08-26T00:00:00Z
582,Singapore,SG,,,,1.35,103.82,0,recovered,2021-08-27T00:00:00Z
583,Singapore,SG,,,,1.35,103.82,0,recovered,2021-08-28T00:00:00Z
584,Singapore,SG,,,,1.35,103.82,0,recovered,2021-08-29T00:00:00Z
585,Singapore,SG,,,,1.35,103.82,0,recovered,2021-08-30T00:00:00Z
586,Singapore,SG,,,,1.35,103.82,0,recovered,2021-08-31T00:00:00Z
587,Singapore,SG,,,,1.35,103.82,0,recovered,2021-09-01T00:00:00Z
588,Singapore,SG,,,,1.35,103.82,0,recovered,2021-09-02T00:00:00Z
589,Singapore,SG,,,,1.35,103.82,0,recovered,2021-09-03T00:00:00Z
590,Singapore,SG,,,,1.35,103.82,0,recovered,2021-09-04T00:00:00Z
591,Singapore,SG,,,,1.35,103.82,0,recovered,2021-09-05T00:00:00Z
592,Singapore,SG,,,,1.35,103.82,0,recovered,2021-09-06T00:00:00Z
593,Singapore,SG,,,,1.35,103.82,0,recovered,2021-09-07T00:00:00Z
594,Singapore,SG,,,,1.35,103.82,0,recovered,2021-09-08T00:00:00Z
595,Singapore,SG,,,,1.35,103.82,0,recovered,2021-09-09T00:00:00Z
596,Singapore,SG,,,,1.35,103.82,0,recovered,2021-09-10T00:00:00Z
597,Singapore,SG,,,,1.35,103.82,0,recovered,2021-09-11T00:00:00Z
598,Singapore,SG,,,,1.35,103.82,0,recovered,2021-09-12T00:00:00Z
599,Singapore,SG,,,,1.35,103.82,0,recovered,2021-09-13T00:00:00Z
600,Singapore,SG,,,,1.35,103.82,0,recovered,2021-09-14T00:00:00Z
601,Singapore,SG,,,,1.35,103.82,0,recovered,2021-09-15T00:00:00Z
602,Singapore,SG,,,,1.35,103.82,0,recovered,2021-09-16T00:00:00Z
603,Singapore,SG,,,,1.35,103.82,0,recovered,2021-09-17T00:00:00Z
604,Singapore,SG,,,,1.35,103.82,0,recovered,2021-09-18T00:00:00Z
605,Singapore,SG,,,,1.35,103.82,0,recovered,2021-09-19T00:00:00Z
606,Singapore,SG,,,,1.35,103.82,0,recovered,2021-09-20T00:00:00Z
607,Singapore,SG,,,,1.35,103.82,0,recovered,2021-09-21T00:00:00Z
608,Singapore,SG,,,,1.35,103.82,0,recovered,2021-09-22T00:00:00Z
609,Singapore,SG,,,,1.35,103.82,0,recovered,2021-09-23T00:00:00Z
610,Singapore,SG,,,,1.35,103.82,0,recovered,2021-09-24T00:00:00Z
611,Singapore,SG,,,,1.35,103.82,0,recovered,2021-09-25T00:00:00Z
612,Singapore,SG,,,,1.35,103.82,0,recovered,2021-09-26T00:00:00Z
613,Singapore,SG,,,,1.35,103.82,0,recovered,2021-09-27T00:00:00Z
614,Singapore,SG,,,,1.35,103.82,0,recovered,2021-09-28T00:00:00Z
615,Singapore,SG,,,,1.35,103.82,0,recovered,2021-09-29T00:00:00Z
616,Singapore,SG,,,,1.35,103.82,0,recovered,2021-09-30T00:00:00Z
617,Singapore,SG,,,,1.35,103.82,0,recovered,2021-10-01T00:00:00Z
618,Singapore,SG,,,,1.35,103.82,0,recovered,2021-10-02T00:00:00Z
619,Singapore,SG,,,,1.35,103.82,0,recovered,2021-10-03T00:00:00Z
620,Singapore,SG,,,,1.35,103.82,0,recovered,2021-10-04T00:00:00Z
621,Singapore,SG,,,,1.35,103.82,0,recovered,2021-10-05T00:00:00Z
622,Singapore,SG,,,,1.35,103.82,0,recovered,2021-10-06T00:00:00Z
623,Singapore,SG,,,,1.35,103.82,0,recovered,2021-10-07T00:00:00Z
624,Singapore,SG,,,,1.35,103.82,0,recovered,2021-10-08T00:00:00Z
625,Singapore,SG,,,,1.35,103.82,0,recovered,2021-10-09T00:00:00Z
626,Singapore,SG,,,,1.35,103.82,0,recovered,2021-10-10T00:00:00Z
627,Singapore,SG,,,,1.35,103.82,0,recovered,2021-10-11T00:00:00Z
628,Singapore,SG,,,,1.35,103.82,0,recovered,2021-10-12T00:00:00Z
629,Singapore,SG,,,,1.35,103.82,0,recovered,2021-10-13T00:00:00Z
630,Singapore,SG,,,,1.35,103.82,0,recovered,2021-10-14T00:00:00Z
631,Singapore,SG,,,,1.35,103.82,0,recovered,2021-10-15T00:00:00Z
632,Singapore,SG,,,,1.35,103.82,0,recovered,2021-10-16T00:00:00Z
633,Singapore,SG,,,,1.35,103.82,0,recovered,2021-10-17T00:00:00Z
634,Singapore,SG,,,,1.35,103.82,0,recovered,2021-10-18T00:00:00Z
635,Singapore,SG,,,,1.35,103.82,0,recovered,2021-10-19T00:00:00Z
636,Singapore,SG,,,,1.35,103.82,0,recovered,2021-10-20T00:00:00Z
637,Singapore,SG,,,,1.35,103.82,0,recovered,2021-10-21T00:00:00Z
638,Singapore,SG,,,,1.35,103.82,0,recovered,2021-10-22T00:00:00Z
639,Singapore,SG,,,,1.35,103.82,0,recovered,2021-10-23T00:00:00Z
640,Singapore,SG,,,,1.35,103.82,0,recovered,2021-10-24T00:00:00Z
641,Singapore,SG,,,,1.35,103.82,0,recovered,2021-10-25T00:00:00Z
642,Singapore,SG,,,,1.35,103.82,0,recovered,2021-10-26T00:00:00Z
643,Singapore,SG,,,,1.35,103.82,0,recovered,2021-10-27T00:00:00Z
644,Singapore,SG,,,,1.35,103.82,0,recovered,2021-10-28T00:00:00Z
645,Singapore,SG,,,,1.35,103.82,0,recovered,2021-10-29T00:00:00Z
646,Singapore,SG,,,,1.35,103.82,0,recovered,2021-10-30T00:00:00Z
647,Singapore,SG,,,,1.35,103.82,0,recovered,2021-10-31T00:00:00Z
648,Singapore,SG,,,,1.35,103.82,0,recovered,2021-11-01T00:00:00Z
649,Singapore,SG,,,,1.35,103.82,0,recovered,2021-11-02T00:00:00Z
650,Singapore,SG,,,,1.35,103.82,0,recovered,2021-11-03T00:00:00Z
651,Singapore,SG,,,,1.35,103.82,0,recovered,2021-11-04T00:00:00Z
652,Singapore,SG,,,,1.35,103.82,0,recovered,2021-11-05T00:00:00Z
653,Singapore,SG,,,,1.35,103.82,0,recovered,2021-11-06T00:00:00Z
654,Singapore,SG,,,,1.35,103.82,0,recovered,2021-11-07T00:00:00Z
655,Singapore,SG,,,,1.35,103.82,0,recovered,2021-11-08T00:00:00Z
656,Singapore,SG,,,,1.35,103.82,0,recovered,2021-11-09T00:00:00Z
657,Singapore,SG,,,,1.35,103.82,0,recovered,2021-11-10T00:00:00Z
658,Singapore,SG,,,,1.35,103.82,0,recovered,2021-11-11T00:00:00Z
659,Singapore,SG,,,,1.35,103.82,0,recovered,2021-11-12T00:00:00Z
660,Singapore,SG,,,,1.35,103.82,0,recovered,2021-11-13T00:00:00Z
661,Singapore,SG,,,,1.35,103.82,0,recovered,2021-11-14T00:00:00Z
662,Singapore,SG,,,,1.35,103.82,0,recovered,2021-11-15T00:00:00Z
663,Singapore,SG,,,,1.35,103.82,0,recovered,2021-11-16T00:00:00Z
664,Singapore,SG,,,,1.35,103.82,0,recovered,2021-11-17T00:00:00Z
665,Singapore,SG,,,,1.35,103.82,0,recovered,2021-11-18T00:00:00Z
666,Singapore,SG,,,,1.35,103.82,0,recovered,2021-11-19T00:00:00Z
667,Singapore,SG,,,,1.35,103.82,0,recovered,2021-11-20T00:00:00Z
668,Singapore,SG,,,,1.35,103.82,0,recovered,2021-11-21T00:00:00Z
669,Singapore,SG,,,,1.35,103.82,0,recovered,2021-11-22T00:00:00Z
670,Singapore,SG,,,,1.35,103.82,0,recovered,2021-11-23T00:00:00Z
671,Singapore,SG,,,,1.35,103.82,0,recovered,2021-11-24T00:00:00Z
672,Singapore,SG,,,,1.35,103.82,0,recovered,2021-11-25T00:00:00Z
673,Singapore,SG,,,,1.35,103.82,0,recovered,2021-11-26T00:00:00Z
674,Singapore,SG,,,,1.35,103.82,0,recovered,2021-11-27T00:00:00Z
675,Singapore,SG,,,,1.35,103.82,0,recovered,2021-11-28T00:00:00Z
676,Singapore,SG,,,,1.35,103.82,0,recovered,2021-11-29T00:00:00Z
677,Singapore,SG,,,,1.35,103.82,0,recovered,2021-11-30T00:00:00Z
678,Singapore,SG,,,,1.35,103.82,0,recovered,2021-12-01T00:00:00Z
679,Singapore,SG,,,,1.35,103.82,0,recovered,2021-12-02T00:00:00Z
680,Singapore,SG,,,,1.35,103.82,0,recovered,2021-12-03T00:00:00Z
681,Singapore,SG,,,,1.35,103.82,0,recovered,2021-12-04T00:00:00Z
682,Singapore,SG,,,,1.35,103.82,0,recovered,2021-12-05T00:00:00Z
683,Singapore,SG,,,,1.35,103.82,0,recovered,2021-12-06T00:00:00Z
684,Singapore,SG,,,,1.35,103.82,0,recovered,2021-12-07T00:00:00Z
685,Singapore,SG,,,,1.35,103.82,0,recovered,2021-12-08T00:00:00Z
686,Singapore,SG,,,,1.35,103.82,0,recovered,2021-12-09T00:00:00Z
687,Singapore,SG,,,,1.35,103.82,0,recovered,2021-12-10T00:00:00Z
688,Singapore,SG,,,,1.35,103.82,0,recovered,2021-12-11T00:00:00Z
689,Singapore,SG,,,,1.35,103.82,0,recovered,2021-12-12T00:00:00Z
690,Singapore,SG,,,,1.35,103.82,0,recovered,2021-12-13T00:00:00Z
691,Singapore,SG,,,,1.35,103.82,0,recovered,2021-12-14T00:00:00Z
692,Singapore,SG,,,,1.35,103.82,0,recovered,2021-12-15T00:00:00Z
693,Singapore,SG,,,,1.35,103.82,0,recovered,2021-12-16T00:00:00Z
694,Singapore,SG,,,,1.35,103.82,0,recovered,2021-12-17T00:00:00Z
695,Singapore,SG,,,,1.35,103.82,0,recovered,2021-12-18T00:00:00Z
696,Singapore,SG,,,,1.35,103.82,0,recovered,2021-12-19T00:00:00Z
697,Singapore,SG,,,,1.35,103.82,0,recovered,2021-12-20T00:00:00Z
698,Singapore,SG,,,,1.35,103.82,0,recovered,2021-12-21T00:00:00Z
699,Singapore,SG,,,,1.35,103.82,0,recovered,2021-12-22T00:00:00Z
700,Singapore,SG,,,,1.35,103.82,0,recovered,2021-12-23T00:00:00Z
701,Singapore,SG,,,,1.35,103.82,0,recovered,2021-12-24T00:00:00Z
702,Singapore,SG,,,,1.35,103.82,0,recovered,2021-12-25T00:00:00Z
703,Singapore,SG,,,,1.35,103.82,0,recovered,2021-12-26T00:00:00Z
704,Singapore,SG,,,,1.35,103.82,0,recovered,2021-12-27T00:00:00Z
705,Singapore,SG,,,,1.35,103.82,0,recovered,2021-12-28T00:00:00Z
706,Singapore,SG,,,,1.35,103.82,0,recovered,2021-12-29T00:00:00Z
707,Singapore,SG,,,,1.35,103.82,0,recovered,2021-12-30T00:00:00Z
708,Singapore,SG,,,,1.35,103.82,0,recovered,2021-12-31T00:00:00Z
709,Singapore,SG,,,,1.35,103.82,0,recovered,2022-01-01T00:00:00Z
710,Singapore,SG,,,,1.35,103.82,0,recovered,2022-01-02T00:00:00Z
711,Singapore,SG,,,,1.35,103.82,0,recovered,2022-01-03T00:00:00Z
712,Singapore,SG,,,,1.35,103.82,0,recovered,2022-01-04T00:00:00Z
713,Singapore,SG,,,,1.35,103.82,0,recovered,2022-01-05T00:00:00Z
714,Singapore,SG,,,,1.35,103.82,0,recovered,2022-01-06T00:00:00Z
715,Singapore,SG,,,,1.35,103.82,0,recovered,2022-01-07T00:00:00Z
716,Singapore,SG,,,,1.35,103.82,0,recovered,2022-01-08T00:00:00Z
717,Singapore,SG,,,,1.35,103.82,0,recovered,2022-01-09T00:00:00Z
718,Singapore,SG,,,,1.35,103.82,0,recovered,2022-01-10T00:00:00Z
719,Singapore,SG,,,,1.35,103.82,0,recovered,2022-01-11T00:00:00Z
720,Singapore,SG,,,,1.35,103.82,0,recovered,2022-01-12T00:00:00Z
721,Singapore,SG,,,,1.35,103.82,0,recovered,2022-01-13T00:00:00Z
722,Singapore,SG,,,,1.35,103.82,0,recovered,2022-01-14T00:00:00Z
723,Singapore,SG,,,,1.35,103.82,0,recovered,2022-01-15T00:00:00Z
724,Singapore,SG,,,,1.35,103.82,0,recovered,2022-01-16T00:00:00Z
725,Singapore,SG,,,,1.35,103.82,0,recovered,2022-01-17T00:00:00Z
726,Singapore,SG,,,,1.35,103.82,0,recovered,2022-01-18T00:00:00Z
727,Singapore,SG,,,,1.35,103.82,0,recovered,2022-01-19T00:00:00Z
728,Singapore,SG,,,,1.35,103.82,0,recovered,2022-01-20T00:00:00Z
729,Singapore,SG,,,,1.35,103.82,0,recovered,2022-01-21T00:00:00Z
730,Singapore,SG,,,,1.35,103.82,0,recovered,2022-01-22T00:00:00Z
731,Singapore,SG,,,,1.35,103.82,0,recovered,2022-01-23T00:00:00Z
732,Singapore,SG,,,,1.35,103.82,0,recovered,2022-01-24T00:00:00Z
733,Singapore,SG,,,,1.35,103.82,0,recovered,2022-01-25T00:00:00Z
734,Singapore,SG,,,,1.35,103.82,0,recovered,2022-01-26T00:00:00Z
735,Singapore,SG,,,,1.35,103.82,0,recovered,2022-01-27T00:00:00Z
736,Singapore,SG,,,,1.35,103.82,0,recovered,2022-01-28T00:00:00Z
737,Singapore,SG,,,,1.35,103.82,0,recovered,2022-01-29T00:00:00Z
738,Singapore,SG,,,,1.35,103.82,0,recovered,2022-01-30T00:00:00Z
739,Singapore,SG,,,,1.35,103.82,0,recovered,2022-01-31T00:00:00Z
740,Singapore,SG,,,,1.35,103.82,0,recovered,2022-02-01T00:00:00Z
741,Singapore,SG,,,,1.35,103.82,0,recovered,2022-02-02T00:00:00Z
742,Singapore,SG,,,,1.35,103.82,0,recovered,2022-02-03T00:00:00Z
743,Singapore,SG,,,,1.35,103.82,0,recovered,2022-02-04T00:00:00Z
744,Singapore,SG,,,,1.35,103.82,0,recovered,2022-02-05T00:00:00Z
745,Singapore,SG,,,,1.35,103.82,0,recovered,2022-02-06T00:00:00Z
746,Singapore,SG,,,,1.35,103.82,0,recovered,2022-02-07T00:00:00Z
747,Singapore,SG,,,,1.35,103.82,0,recovered,2022-02-08T00:00:00Z
748,Singapore,SG,,,,1.35,103.82,0,recovered,2022-02-09T00:00:00Z
749,Singapore,SG,,,,1.35,103.82,0,recovered,2022-02-10T00:00:00Z
750,Singapore,SG,,,,1.35,103.82,0,recovered,2022-02-11T00:00:00Z
751,Singapore,SG,,,,1.35,103.82,0,recovered,2022-02-12T00:00:00Z
752,Singapore,SG,,,,1.35,103.82,0,recovered,2022-02-13T00:00:00Z
753,Singapore,SG,,,,1.35,103.82,0,recovered,2022-02-14T00:00:00Z
754,Singapore,SG,,,,1.35,103.82,0,recovered,2022-02-15T00:00:00Z
755,Singapore,SG,,,,1.35,103.82,0,recovered,2022-02-16T00:00:00Z
756,Singapore,SG,,,,1.35,103.82,0,recovered,2022-02-17T00:00:00Z
757,Singapore,SG,,,,1.35,103.82,0,recovered,2022-02-18T00:00:00Z
758,Singapore,SG,,,,1.35,103.82,0,recovered,2022-02-19T00:00:00Z
759,Singapore,SG,,,,1.35,103.82,0,recovered,2022-02-20T00:00:00Z
760,Singapore,SG,,,,1.35,103.82,0,recovered,2022-02-21T00:00:00Z
761,Singapore,SG,,,,1.35,103.82,0,recovered,2022-02-22T00:00:00Z
762,Singapore,SG,,,,1.35,103.82,0,recovered,2022-02-23T00:00:00Z
763,Singapore,SG,,,,1.35,103.82,0,recovered,2022-02-24T00:00:00Z
764,Singapore,SG,,,,1.35,103.82,0,recovered,2022-02-25T00:00:00Z
765,Singapore,SG,,,,1.35,103.82,0,recovered,2022-02-26T00:00:00Z
766,Singapore,SG,,,,1.35,103.82,0,recovered,2022-02-27T00:00:00Z
767,Singapore,SG,,,,1.35,103.82,0,recovered,2022-02-28T00:00:00Z
768,Singapore,SG,,,,1.35,103.82,0,recovered,2022-03-01T00:00:00Z
769,Singapore,SG,,,,1.35,103.82,0,recovered,2022-03-02T00:00:00Z
770,Singapore,SG,,,,1.35,103.82,0,recovered,2022-03-03T00:00:00Z
771,Singapore,SG,,,,1.35,103.82,0,recovered,2022-03-04T00:00:00Z
772,Singapore,SG,,,,1.35,103.82,0,recovered,2022-03-05T00:00:00Z
773,Singapore,SG,,,,1.35,103.82,0,recovered,2022-03-06T00:00:00Z
774,Singapore,SG,,,,1.35,103.82,0,recovered,2022-03-07T00:00:00Z
775,Singapore,SG,,,,1.35,103.82,0,recovered,2022-03-08T00:00:00Z
776,Singapore,SG,,,,1.35,103.82,0,recovered,2022-03-09T00:00:00Z
777,Singapore,SG,,,,1.35,103.82,0,recovered,2022-03-10T00:00:00Z
778,Singapore,SG,,,,1.35,103.82,0,recovered,2022-03-11T00:00:00Z
779,Singapore,SG,,,,1.35,103.82,0,recovered,2022-03-12T00:00:00Z
780,Singapore,SG,,,,1.35,103.82,0,recovered,2022-03-13T00:00:00Z
781,Singapore,SG,,,,1.35,103.82,0,recovered,2022-03-14T00:00:00Z
782,Singapore,SG,,,,1.35,103.82,0,recovered,2022-03-15T00:00:00Z
783,Singapore,SG,,,,1.35,103.82,0,recovered,2022-03-16T00:00:00Z
784,Singapore,SG,,,,1.35,103.82,0,recovered,2022-03-17T00:00:00Z
785,Singapore,SG,,,,1.35,103.82,0,recovered,2022-03-18T00:00:00Z
786,Singapore,SG,,,,1.35,103.82,0,recovered,2022-03-19T00:00:00Z
787,Singapore,SG,,,,1.35,103.82,0,recovered,2022-03-20T00:00:00Z
788,Singapore,SG,,,,1.35,103.82,0,recovered,2022-03-21T00:00:00Z
789,Singapore,SG,,,,1.35,103.82,0,recovered,2022-03-22T00:00:00Z
790,Singapore,SG,,,,1.35,103.82,0,recovered,2022-03-23T00:00:00Z
791,Singapore,SG,,,,1.35,103.82,0,recovered,2022-03-24T00:00:00Z
792,Singapore,SG,,,,1.35,103.82,0,recovered,2022-03-25T00:00:00Z
793,Singapore,SG,,,,1.35,103.82,0,recovered,2022-03-26T00:00:00Z
794,Singapore,SG,,,,1.35,103.82,0,recovered,2022-03-27T00:00:00Z
795,Singapore,SG,,,,1.35,103.82,0,recovered,2022-03-28T00:00:00Z
796,Singapore,SG,,,,1.35,103.82,0,recovered,2022-03-29T00:00:00Z
797,Singapore,SG,,,,1.35,103.82,0,recovered,2022-03-30T00:00:00Z
798,Singapore,SG,,,,1.35,103.82,0,recovered,2022-03-31T00:00:00Z
799,Singapore,SG,,,,1.35,103.82,0,recovered,2022-04-01T00:00:00Z
800,Singapore,SG,,,,1.35,103.82,0,recovered,2022-04-02T00:00:00Z
801,Singapore,SG,,,,1.35,103.82,0,recovered,2022-04-03T00:00:00Z
802,Singapore,SG,,,,1.35,103.82,0,recovered,2022-04-04T00:00:00Z
803,Singapore,SG,,,,1.35,103.82,0,recovered,2022-04-05T00:00:00Z
804,Singapore,SG,,,,1.35,103.82,0,recovered,2022-04-06T00:00:00Z
805,Singapore,SG,,,,1.35,103.82,0,recovered,2022-04-07T00:00:00Z
806,Singapore,SG,,,,1.35,103.82,0,recovered,2022-04-08T00:00:00Z
807,Singapore,SG,,,,1.35,103.82,0,recovered,2022-04-09T00:00:00Z
808,Singapore,SG,,,,1.35,103.82,0,recovered,2022-04-10T00:00:00Z
809,Singapore,SG,,,,1.35,103.82,0,recovered,2022-04-11T00:00:00Z
810,Singapore,SG,,,,1.35,103.82,0,recovered,2022-04-12T00:00:00Z
811,Singapore,SG,,,,1.35,103.82,0,recovered,2022-04-13T00:00:00Z
812,Singapore,SG,,,,1.35,103.82,0,recovered,2022-04-14T00:00:00Z
813,Singapore,SG,,,,1.35,103.82,0,recovered,2022-04-15T00:00:00Z
814,Singapore,SG,,,,1.35,103.82,0,recovered,2022-04-16T00:00:00Z
815,Singapore,SG,,,,1.35,103.82,0,recovered,2022-04-17T00:00:00Z
816,Singapore,SG,,,,1.35,103.82,0,recovered,2022-04-18T00:00:00Z
817,Singapore,SG,,,,1.35,103.82,0,recovered,2022-04-19T00:00:00Z
818,Singapore,SG,,,,1.35,103.82,0,recovered,2022-04-20T00:00:00Z
819,Singapore,SG,,,,1.35,103.82,0,recovered,2022-04-21T00:00:00Z
820,Singapore,SG,,,,1.35,103.82,0,recovered,2022-04-22T00:00:00Z
821,Singapore,SG,,,,1.35,103.82,0,recovered,2022-04-23T00:00:00Z
822,Singapore,SG,,,,1.35,103.82,0,recovered,2022-04-24T00:00:00Z
823,Singapore,SG,,,,1.35,103.82,0,recovered,2022-04-25T00:00:00Z
824,Singapore,SG,,,,1.35,103.82,0,recovered,2022-04-26T00:00:00Z
825,Singapore,SG,,,,1.35,103.82,0,recovered,2022-04-27T00:00:00Z
826,Singapore,SG,,,,1.35,103.82,0,recovered,2022-04-28T00:00:00Z
827,Singapore,SG,,,,1.35,103.82,0,recovered,2022-04-29T00:00:00Z
828,Singapore,SG,,,,1.35,103.82,0,recovered,2022-04-30T00:00:00Z
829,Singapore,SG,,,,1.35,103.82,0,recovered,2022-05-01T00:00:00Z
830,Singapore,SG,,,,1.35,103.82,0,recovered,2022-05-02T00:00:00Z
831,Singapore,SG,,,,1.35,103.82,0,recovered,2022-05-03T00:00:00Z
832,Singapore,SG,,,,1.35,103.82,0,recovered,2022-05-04T00:00:00Z
833,Singapore,SG,,,,1.35,103.82,0,recovered,2022-05-05T00:00:00Z
834,Singapore,SG,,,,1.35,103.82,0,recovered,2022-05-06T00:00:00Z
835,Singapore,SG,,,,1.35,103.82,0,recovered,2022-05-07T00:00:00Z
836,Singapore,SG,,,,1.35,103.82,0,recovered,2022-05-08T00:00:00Z
837,Singapore,SG,,,,1.35,103.82,0,recovered,2022-05-09T00:00:00Z
838,Singapore,SG,,,,1.35,103.82,0,recovered,2022-05-10T00:00:00Z
839,Singapore,SG,,,,1.35,103.82,0,recovered,2022-05-11T00:00:00Z
840,Singapore,SG,,,,1.35,103.82,0,recovered,2022-05-12T00:00:00Z
841,Singapore,SG,,,,1.35,103.82,0,recovered,2022-05-13T00:00:00Z
842,Singapore,SG,,,,1.35,103.82,0,recovered,2022-05-14T00:00:00Z
843,Singapore,SG,,,,1.35,103.82,0,recovered,2022-05-15T00:00:00Z
844,Singapore,SG,,,,1.35,103.82,0,recovered,2022-05-16T00:00:00Z
845,Singapore,SG,,,,1.35,103.82,0,recovered,2022-05-17T00:00:00Z
846,Singapore,SG,,,,1.35,103.82,0,recovered,2022-05-18T00:00:00Z
847,Singapore,SG,,,,1.35,103.82,0,recovered,2022-05-19T00:00:00Z
848,Singapore,SG,,,,1.35,103.82,0,recovered,2022-05-20T00:00:00Z
849,Singapore,SG,,,,1.35,103.82,0,recovered,2022-05-21T00:00:00Z
850,Singapore,SG,,,,1.35,103.82,0,recovered,2022-05-22T00:00:00Z
851,Singapore,SG,,,,1.35,103.82,0,recovered,2022-05-23T00:00:00Z
852,Singapore,SG,,,,1.35,103.82,0,recovered,2022-05-24T00:00:00Z
853,Singapore,SG,,,,1.35,103.82,0,recovered,2022-05-25T00:00:00Z
854,Singapore,SG,,,,1.35,103.82,0,recovered,2022-05-26T00:00:00Z
855,Singapore,SG,,,,1.35,103.82,0,recovered,2022-05-27T00:00:00Z
856,Singapore,SG,,,,1.35,103.82,0,recovered,2022-05-28T00:00:00Z
857,Singapore,SG,,,,1.35,103.82,0,recovered,2022-05-29T00:00:00Z
858,Singapore,SG,,,,1.35,103.82,0,recovered,2022-05-30T00:00:00Z
859,Singapore,SG,,,,1.35,103.82,0,recovered,2022-05-31T00:00:00Z
860,Singapore,SG,,,,1.35,103.82,0,recovered,2022-06-01T00:00:00Z
861,Singapore,SG,,,,1.35,103.82,0,recovered,2022-06-02T00:00:00Z
862,Singapore,SG,,,,1.35,103.82,0,recovered,2022-06-03T00:00:00Z
863,Singapore,SG,,,,1.35,103.82,0,recovered,2022-06-04T00:00:00Z
864,Singapore,SG,,,,1.35,103.82,0,recovered,2022-06-05T00:00:00Z
865,Singapore,SG,,,,1.35,103.82,0,recovered,2022-06-06T00:00:00Z
866,Singapore,SG,,,,1.35,103.82,0,recovered,2022-06-07T00:00:00Z
867,Singapore,SG,,,,1.35,103.82,0,recovered,2022-06-08T00:00:00Z
868,Singapore,SG,,,,1.35,103.82,0,recovered,2022-06-09T00:00:00Z
869,Singapore,SG,,,,1.35,103.82,0,recovered,2022-06-10T00:00:00Z
870,Singapore,SG,,,,1.35,103.82,0,recovered,2022-06-11T00:00:00Z
871,Singapore,SG,,,,1.35,103.82,0,recovered,2022-06-12T00:00:00Z
872,Singapore,SG,,,,1.35,103.82,0,recovered,2022-06-13T00:00:00Z
873,Singapore,SG,,,,1.35,103.82,0,recovered,2022-06-14T00:00:00Z
874,Singapore,SG,,,,1.35,103.82,0,recovered,2022-06-15T00:00:00Z
875,Singapore,SG,,,,1.35,103.82,0,recovered,2022-06-16T00:00:00Z
876,Singapore,SG,,,,1.35,103.82,0,recovered,2022-06-17T00:00:00Z
877,Singapore,SG,,,,1.35,103.82,0,recovered,2022-06-18T00:00:00Z
878,Singapore,SG,,,,1.35,103.82,0,recovered,2022-06-19T00:00:00Z
879,Singapore,SG,,,,1.35,103.82,0,recovered,2022-06-20T00:00:00Z
880,Singapore,SG,,,,1.35,103.82,0,recovered,2022-06-21T00:00:00Z
881,Singapore,SG,,,,1.35,103.82,0,recovered,2022-06-22T00:00:00Z
882,Singapore,SG,,,,1.35,103.82,0,recovered,2022-06-23T00:00:00Z
883,Singapore,SG,,,,1.35,103.82,0,recovered,2022-06-24T00:00:00Z
884,Singapore,SG,,,,1.35,103.82,0,recovered,2022-06-25T00:00:00Z
885,Singapore,SG,,,,1.35,103.82,0,recovered,2022-06-26T00:00:00Z
886,Singapore,SG,,,,1.35,103.82,0,recovered,2022-06-27T00:00:00Z
887,Singapore,SG,,,,1.35,103.82,0,recovered,2022-06-28T00:00:00Z
888,Singapore,SG,,,,1.35,103.82,0,recovered,2022-06-29T00:00:00Z
889,Singapore,SG,,,,1.35,103.82,0,recovered,2022-06-30T00:00:00Z
890,Singapore,SG,,,,1.35,103.82,0,recovered,2022-07-01T00:00:00Z
891,Singapore,SG,,,,1.35,103.82,0,recovered,2022-07-02T00:00:00Z
892,Singapore,SG,,,,1.35,103.82,0,recovered,2022-07-03T00:00:00Z
893,Singapore,SG,,,,1.35,103.82,0,recovered,2022-07-04T00:00:00Z
894,Singapore,SG,,,,1.35,103.82,0,recovered,2022-07-05T00:00:00Z
895,Singapore,SG,,,,1.35,103.82,0,recovered,2022-07-06T00:00:00Z
896,Singapore,SG,,,,1.35,103.82,0,recovered,2022-07-07T00:00:00Z
897,Singapore,SG,,,,1.35,103.82,0,recovered,2022-07-08T00:00:00Z
898,Singapore,SG,,,,1.35,103.82,0,recovered,2022-07-09T00:00:00Z
899,Singapore,SG,,,,1.35,103.82,0,recovered,2022-07-10T00:00:00Z
900,Singapore,SG,,,,1.35,103.82,0,recovered,2022-07-11T00:00:00Z
901,Singapore,SG,,,,1.35,103.82,0,recovered,2022-07-12T00:00:00Z
902,Singapore,SG,,,,1.35,103.82,0,recovered,2022-07-13T00:00:00Z
903,Singapore,SG,,,,1.35,103.82,0,recovered,2022-07-14T00:00:00Z
904,Singapore,SG,,,,1.35,103.82,0,recovered,2022-07-15T00:00:00Z
905,Singapore,SG,,,,1.35,103.82,0,recovered,2022-07-16T00:00:00Z
906,Singapore,SG,,,,1.35,103.82,0,recovered,2022-07-17T00:00:00Z
907,Singapore,SG,,,,1.35,103.82,0,recovered,2022-07-18T00:00:00Z
908,Singapore,SG,,,,1.35,103.82,0,recovered,2022-07-19T00:00:00Z
909,Singapore,SG,,,,1.35,103.82,0,recovered,2022-07-20T00:00:00Z
910,Singapore,SG,,,,1.35,103.82,0,recovered,2022-07-21T00:00:00Z
911,Singapore,SG,,,,1.35,103.82,0,recovered,2022-07-22T00:00:00Z
912,Singapore,SG,,,,1.35,103.82,0,recovered,2022-07-23T00:00:00Z
913,Singapore,SG,,,,1.35,103.82,0,recovered,2022-07-24T00:00:00Z
914,Singapore,SG,,,,1.35,103.82,0,recovered,2022-07-25T00:00:00Z
915,Singapore,SG,,,,1.35,103.82,0,recovered,2022-07-26T00:00:00Z
916,Singapore,SG,,,,1.35,103.82,0,recovered,2022-07-27T00:00:00Z
917,Singapore,SG,,,,1.35,103.82,0,recovered,2022-07-28T00:00:00Z
918,Singapore,SG,,,,1.35,103.82,0,recovered,2022-07-29T00:00:00Z
919,Singapore,SG,,,,1.35,103.82,0,recovered,2022-07-30T00:00:00Z
920,Singapore,SG,,,,1.35,103.82,0,recovered,2022-07-31T00:00:00Z
921,Singapore,SG,,,,1.35,103.82,0,recovered,2022-08-01T00:00:00Z
922,Singapore,SG,,,,1.35,103.82,0,recovered,2022-08-02T00:00:00Z
923,Singapore,SG,,,,1.35,103.82,0,recovered,2022-08-03T00:00:00Z
924,Singapore,SG,,,,1.35,103.82,0,recovered,2022-08-04T00:00:00Z
925,Singapore,SG,,,,1.35,103.82,0,recovered,2022-08-05T00:00:00Z
926,Singapore,SG,,,,1.35,103.82,0,recovered,2022-08-06T00:00:00Z
927,Singapore,SG,,,,1.35,103.82,0,recovered,2022-08-07T00:00:00Z
928,Singapore,SG,,,,1.35,103.82,0,recovered,2022-08-08T00:00:00Z
929,Singapore,SG,,,,1.35,103.82,0,recovered,2022-08-09T00:00:00Z
930,Singapore,SG,,,,1.35,103.82,0,recovered,2022-08-10T00:00:00Z
931,Singapore,SG,,,,1.35,103.82,0,recovered,2022-08-11T00:00:00Z
932,Singapore,SG,,,,1.35,103.82,0,recovered,2022-08-12T00:00:00Z
933,Singapore,SG,,,,1.35,103.82,0,recovered,2022-08-13T00:00:00Z
934,Singapore,SG,,,,1.35,103.82,0,recovered,2022-08-14T00:00:00Z
935,Singapore,SG,,,,1.35,103.82,0,recovered,2022-08-15T00:00:00Z
936,Singapore,SG,,,,1.35,103.82,0,recovered,2022-08-16T00:00:00Z
937,Singapore,SG,,,,1.35,103.82,0,recovered,2022-08-17T00:00:00Z
938,Singapore,SG,,,,1.35,103.82,0,recovered,2022-08-18T00:00:00Z
939,Singapore,SG,,,,1.35,103.82,0,recovered,2022-08-19T00:00:00Z
940,Singapore,SG,,,,1.35,103.82,0,recovered,2022-08-20T00:00:00Z
941,Singapore,SG,,,,1.35,103.82,0,recovered,2022-08-21T00:00:00Z
942,Singapore,SG,,,,1.35,103.82,0,recovered,2022-08-22T00:00:00Z
943,Singapore,SG,,,,1.35,103.82,0,recovered,2022-08-23T00:00:00Z
944,Singapore,SG,,,,1.35,103.82,0,recovered,2022-08-24T00:00:00Z
945,Singapore,SG,,,,1.35,103.82,0,recovered,2022-08-25T00:00:00Z
946,Singapore,SG,,,,1.35,103.82,0,recovered,2022-08-26T00:00:00Z
947,Singapore,SG,,,,1.35,103.82,0,recovered,2022-08-27T00:00:00Z
948,Singapore,SG,,,,1.35,103.82,0,recovered,2022-08-28T00:00:00Z
949,Singapore,SG,,,,1.35,103.82,0,recovered,2022-08-29T00:00:00Z
950,Singapore,SG,,,,1.35,103.82,0,recovered,2022-08-30T00:00:00Z
951,Singapore,SG,,,,1.35,103.82,0,recovered,2022-08-31T00:00:00Z
952,Singapore,SG,,,,1.35,103.82,0,recovered,2022-09-01T00:00:00Z
953,Singapore,SG,,,,1.35,103.82,0,recovered,2022-09-02T00:00:00Z
954,Singapore,SG,,,,1.35,103.82,0,recovered,2022-09-03T00:00:00Z
955,Singapore,SG,,,,1.35,103.82,0,recovered,2022-09-04T00:00:00Z
956,Singapore,SG,,,,1.35,103.82,0,recovered,2022-09-05T00:00:00Z
957,Singapore,SG,,,,1.35,103.82,0,recovered,2022-09-06T00:00:00Z
958,Singapore,SG,,,,1.35,103.82,0,recovered,2022-09-07T00:00:00Z
959,Singapore,SG,,,,1.35,103.82,0,recovered,2022-09-08T00:00:00Z
960,Singapore,SG,,,,1.35,103.82,0,recovered,2022-09-09T00:00:00Z
961,Singapore,SG,,,,1.35,103.82,0,recovered,2022-09-10T00:00:00Z
962,Singapore,SG,,,,1.35,103.82,0,recovered,2022-09-11T00:00:00Z
963,Singapore,SG,,,,1.35,103.82,0,recovered,2022-09-12T00:00:00Z
964,Singapore,SG,,,,1.35,103.82,0,recovered,2022-09-13T00:00:00Z
965,Singapore,SG,,,,1.35,103.82,0,recovered,2022-09-14T00:00:00Z
966,Singapore,SG,,,,1.35,103.82,0,recovered,2022-09-15T00:00:00Z
967,Singapore,SG,,,,1.35,103.82,0,recovered,2022-09-16T00:00:00Z
968,Singapore,SG,,,,1.35,103.82,0,recovered,2022-09-17T00:00:00Z
969,Singapore,SG,,,,1.35,103.82,0,recovered,2022-09-18T00:00:00Z
970,Singapore,SG,,,,1.35,103.82,0,recovered,2022-09-19T00:00:00Z
971,Singapore,SG,,,,1.35,103.82,0,recovered,2022-09-20T00:00:00Z
972,Singapore,SG,,,,1.35,103.82,0,recovered,2022-09-21T00:00:00Z
973,Singapore,SG,,,,1.35,103.82,0,recovered,2022-09-22T00:00:00Z
974,Singapore,SG,,,,1.35,103.82,0,recovered,2022-09-23T00:00:00Z
975,Singapore,SG,,,,1.35,103.82,0,recovered,2022-09-24T00:00:00Z
976,Singapore,SG,,,,1.35,103.82,0,recovered,2022-09-25T00:00:00Z
977,Singapore,SG,,,,1.35,103.82,0,recovered,2022-09-26T00:00:00Z
978,Singapore,SG,,,,1.35,103.82,0,recovered,2022-09-27T00:00:00Z
979,Singapore,SG,,,,1.35,103.82,0,recovered,2022-09-28T00:00:00Z
980,Singapore,SG,,,,1.35,103.82,0,recovered,2022-09-29T00:00:00Z
981,Singapore,SG,,,,1.35,103.82,0,recovered,2022-09-30T00:00:00Z
982,Singapore,SG,,,,1.35,103.82,0,recovered,2022-10-01T00:00:00Z
983,Singapore,SG,,,,1.35,103.82,0,recovered,2022-10-02T00:00:00Z
984,Singapore,SG,,,,1.35,103.82,0,recovered,2022-10-03T00:00:00Z
985,Singapore,SG,,,,1.35,103.82,0,recovered,2022-10-04T00:00:00Z
986,Singapore,SG,,,,1.35,103.82,0,recovered,2022-10-05T00:00:00Z
987,Singapore,SG,,,,1.35,103.82,0,recovered,2022-10-06T00:00:00Z
988,Singapore,SG,,,,1.35,103.82,0,recovered,2022-10-07T00:00:00Z
989,Singapore,SG,,,,1.35,103.82,0,recovered,2022-10-08T00:00:00Z
990,Singapore,SG,,,,1.35,103.82,0,recovered,2022-10-09T00:00:00Z
991,Singapore,SG,,,,1.35,103.82,0,recovered,2022-10-10T00:00:00Z
992,Singapore,SG,,,,1.35,103.82,0,recovered,2022-10-11T00:00:00Z
993,Singapore,SG,,,,1.35,103.82,0,recovered,2022-10-12T00:00:00Z
994,Singapore,SG,,,,1.35,103.82,0,recovered,2022-10-13T00:00:00Z
995,Singapore,SG,,,,1.35,103.82,0,recovered,2022-10-14T00:00:00Z
996,Singapore,SG,,,,1.35,103.82,0,recovered,2022-10-15T00:00:00Z
997,Singapore,SG,,,,1.35,103.82,0,recovered,2022-10-16T00:00:00Z
998,Singapore,SG,,,,1.35,103.82,0,recovered,2022-10-17T00:00:00Z
999,Singapore,SG,,,,1.35,103.82,0,recovered,2022-10-18T00:00:00Z
1000,Singapore,SG,,,,1.35,103.82,0,recovered,2022-10-19T00:00:00Z
1001,Singapore,SG,,,,1.35,103.82,0,recovered,2022-10-20T00:00:00Z
1002,Singapore,SG,,,,1.35,103.82,0,recovered,2022-10-21T00:00:00Z
1003,Singapore,SG,,,,1.35,103.82,0,recovered,2022-10-22T00:00:00Z
1004,Singapore,SG,,,,1.35,103.82,0,recovered,2022-10-23T00:00:00Z
1005,Singapore,SG,,,,1.35,103.82,0,recovered,2022-10-24T00:00:00Z
1006,Singapore,SG,,,,1.35,103.82,0,recovered,2022-10-25T00:00:00Z
1007,Singapore,SG,,,,1.35,103.82,0,recovered,2022-10-26T00:00:00Z
1008,Singapore,SG,,,,1.35,103.82,0,recovered,2022-10-27T00:00:00Z
1009,Singapore,SG,,,,1.35,103.82,0,recovered,2022-10-28T00:00:00Z
1010,Singapore,SG,,,,1.35,103.82,0,recovered,2022-10-29T00:00:00Z
1011,Singapore,SG,,,,1.35,103.82,0,recovered,2022-10-30T00:00:00Z
1012,Singapore,SG,,,,1.35,103.82,0,recovered,2022-10-31T00:00:00Z
1013,Singapore,SG,,,,1.35,103.82,0,recovered,2022-11-01T00:00:00Z
1014,Singapore,SG,,,,1.35,103.82,0,recovered,2022-11-02T00:00:00Z
1015,Singapore,SG,,,,1.35,103.82,0,recovered,2022-11-03T00:00:00Z
1016,Singapore,SG,,,,1.35,103.82,0,recovered,2022-11-04T00:00:00Z
1017,Singapore,SG,,,,1.35,103.82,0,recovered,2022-11-05T00:00:00Z
1018,Singapore,SG,,,,1.35,103.82,0,recovered,2022-11-06T00:00:00Z
1019,Singapore,SG,,,,1.35,103.82,0,recovered,2022-11-07T00:00:00Z
1020,Singapore,SG,,,,1.35,103.82,0,recovered,2022-11-08T00:00:00Z
1021,Singapore,SG,,,,1.35,103.82,0,recovered,2022-11-09T00:00:00Z
1022,Singapore,SG,,,,1.35,103.82,0,recovered,2022-11-10T00:00:00Z
1023,Singapore,SG,,,,1.35,103.82,0,recovered,2022-11-11T00:00:00Z
1024,Singapore,SG,,,,1.35,103.82,0,recovered,2022-11-12T00:00:00Z
1025,Singapore,SG,,,,1.35,103.82,0,recovered,2022-11-13T00:00:00Z
1026,Singapore,SG,,,,1.35,103.82,0,recovered,2022-11-14T00:00:00Z
1027,Singapore,SG,,,,1.35,103.82,0,recovered,2022-11-15T00:00:00Z
1028,Singapore,SG,,,,1.35,103.82,0,recovered,2022-11-16T00:00:00Z
1029,Singapore,SG,,,,1.35,103.82,0,recovered,2022-11-17T00:00:00Z
1030,Singapore,SG,,,,1.35,103.82,0,recovered,2022-11-18T00:00:00Z
1031,Singapore,SG,,,,1.35,103.82,0,recovered,2022-11-19T00:00:00Z
1032,Singapore,SG,,,,1.35,103.82,0,recovered,2022-11-20T00:00:00Z
1033,Singapore,SG,,,,1.35,103.82,0,recovered,2022-11-21T00:00:00Z
1034,Singapore,SG,,,,1.35,103.82,0,recovered,2022-11-22T00:00:00Z
1035,Singapore,SG,,,,1.35,103.82,0,recovered,2022-11-23T00:00:00Z
1036,Singapore,SG,,,,1.35,103.82,0,recovered,2022-11-24T00:00:00Z
1037,Singapore,SG,,,,1.35,103.82,0,recovered,2022-11-25T00:00:00Z
1038,Singapore,SG,,,,1.35,103.82,0,recovered,2022-11-26T00:00:00Z
1039,Singapore,SG,,,,1.35,103.82,0,recovered,2022-11-27T00:00:00Z
1040,Singapore,SG,,,,1.35,103.82,0,recovered,2022-11-28T00:00:00Z
1041,Singapore,SG,,,,1.35,103.82,0,recovered,2022-11-29T00:00:00Z
1042,Singapore,SG,,,,1.35,103.82,0,recovered,2022-11-30T00:00:00Z
1043,Singapore,SG,,,,1.35,103.82,0,recovered,2022-12-01T00:00:00Z
1044,Singapore,SG,,,,1.35,103.82,0,recovered,2022-12-02T00:00:00Z
1045,Singapore,SG,,,,1.35,103.82,0,recovered,2022-12-03T00:00:00Z
1046,Singapore,SG,,,,1.35,103.82,0,recovered,2022-12-04T00:00:00Z
1047,Singapore,SG,,,,1.35,103.82,0,recovered,2022-12-05T00:00:00Z
1048,Singapore,SG,,,,1.35,103.82,0,recovered,2022-12-06T00:00:00Z
1049,Singapore,SG,,,,1.35,103.82,0,recovered,2022-12-07T00:00:00Z
1050,Singapore,SG,,,,1.35,103.82,0,recovered,2022-12-08T00:00:00Z
1051,Singapore,SG,,,,1.35,103.82,0,recovered,2022-12-09T00:00:00Z
1052,Singapore,SG,,,,1.35,103.82,0,recovered,2022-12-10T00:00:00Z
1053,Singapore,SG,,,,1.35,103.82,0,recovered,2022-12-11T00:00:00Z
1054,Singapore,SG,,,,1.35,103.82,0,recovered,2022-12-12T00:00:00Z
1055,Singapore,SG,,,,1.35,103.82,0,recovered,2022-12-13T00:00:00Z
1056,Singapore,SG,,,,1.35,103.82,0,recovered,2022-12-14T00:00:00Z
1057,Singapore,SG,,,,1.35,103.82,0,recovered,2022-12-15T00:00:00Z
1058,Singapore,SG,,,,1.35,103.82,0,recovered,2022-12-16T00:00:00Z
1059,Singapore,SG,,,,1.35,103.82,0,recovered,2022-12-17T00:00:00Z
1060,Singapore,SG,,,,1.35,103.82,0,recovered,2022-12-18T00:00:00Z
1061,Singapore,SG,,,,1.35,103.82,0,recovered,2022-12-19T00:00:00Z
1062,Singapore,SG,,,,1.35,103.82,0,recovered,2022-12-20T00:00:00Z
1063,Singapore,SG,,,,1.35,103.82,0,recovered,2022-12-21T00:00:00Z
1064,Singapore,SG,,,,1.35,103.82,0,recovered,2022-12-22T00:00:00Z
1065,Singapore,SG,,,,1.35,103.82,0,recovered,2022-12-23T00:00:00Z
1066,Singapore,SG,,,,1.35,103.82,0,recovered,2022-12-24T00:00:00Z
1067,Singapore,SG,,,,1.35,103.82,0,recovered,2022-12-25T00:00:00Z
1068,Singapore,SG,,,,1.35,103.82,0,recovered,2022-12-26T00:00:00Z
1069,Singapore,SG,,,,1.35,103.82,0,recovered,2022-12-27T00:00:00Z
1070,Singapore,SG,,,,1.35,103.82,0,recovered,2022-12-28T00:00:00Z
1071,Singapore,SG,,,,1.35,103.82,0,recovered,2022-12-29T00:00:00Z
1072,Singapore,SG,,,,1.35,103.82,0,recovered,2022-12-30T00:00:00Z
1073,Singapore,SG,,,,1.35,103.82,0,recovered,2022-12-31T00:00:00Z
1074,Singapore,SG,,,,1.35,103.82,0,recovered,2023-01-01T00:00:00Z
1075,Singapore,SG,,,,1.35,103.82,0,recovered,2023-01-02T00:00:00Z
1076,Singapore,SG,,,,1.35,103.82,0,recovered,2023-01-03T00:00:00Z
1077,Singapore,SG,,,,1.35,103.82,0,recovered,2023-01-04T00:00:00Z
1078,Singapore,SG,,,,1.35,103.82,0,recovered,2023-01-05T00:00:00Z
1079,Singapore,SG,,,,1.35,103.82,0,recovered,2023-01-06T00:00:00Z
1080,Singapore,SG,,,,1.35,103.82,0,recovered,2023-01-07T00:00:00Z
1081,Singapore,SG,,,,1.35,103.82,0,recovered,2023-01-08T00:00:00Z
1082,Singapore,SG,,,,1.35,103.82,0,recovered,2023-01-09T00:00:00Z
1083,Singapore,SG,,,,1.35,103.82,0,recovered,2023-01-10T00:00:00Z
1084,Singapore,SG,,,,1.35,103.82,0,recovered,2023-01-11T00:00:00Z
1085,Singapore,SG,,,,1.35,103.82,0,recovered,2023-01-12T00:00:00Z
1086,Singapore,SG,,,,1.35,103.82,0,recovered,2023-01-13T00:00:00Z
1087,Singapore,SG,,,,1.35,103.82,0,recovered,2023-01-14T00:00:00Z
1088,Singapore,SG,,,,1.35,103.82,0,recovered,2023-01-15T00:00:00Z
1089,Singapore,SG,,,,1.35,103.82,0,recovered,2023-01-16T00:00:00Z
1090,Singapore,SG,,,,1.35,103.82,0,recovered,2023-01-17T00:00:00Z
1091,Singapore,SG,,,,1.35,103.82,0,recovered,2023-01-18T00:00:00Z
1092,Singapore,SG,,,,1.35,103.82,0,recovered,2023-01-19T00:00:00Z
1093,Singapore,SG,,,,1.35,103.82,0,recovered,2023-01-20T00:00:00Z
1094,Singapore,SG,,,,1.35,103.82,0,recovered,2023-01-21T00:00:00Z
1095,Singapore,SG,,,,1.35,103.82,0,recovered,2023-01-22T00:00:00Z
1096,Singapore,SG,,,,1.35,103.82,0,recovered,2023-01-23T00:00:00Z
1097,Singapore,SG,,,,1.35,103.82,0,recovered,2023-01-24T00:00:00Z
1098,Singapore,SG,,,,1.35,103.82,0,recovered,2023-01-25T00:00:00Z
1099,Singapore,SG,,,,1.35,103.82,0,recovered,2023-01-26T00:00:00Z
1100,Singapore,SG,,,,1.35,103.82,0,recovered,2023-01-27T00:00:00Z
1101,Singapore,SG,,,,1.35,103.82,0,recovered,2023-01-28T00:00:00Z
1102,Singapore,SG,,,,1.35,103.82,0,recovered,2023-01-29T00:00:00Z
1103,Singapore,SG,,,,1.35,103.82,0,recovered,2023-01-30T00:00:00Z
1104,Singapore,SG,,,,1.35,103.82,0,recovered,2023-01-31T00:00:00Z
1105,Singapore,SG,,,,1.35,103.82,0,recovered,2023-02-01T00:00:00Z
1106,Singapore,SG,,,,1.35,103.82,0,recovered,2023-02-02T00:00:00Z
1107,Singapore,SG,,,,1.35,103.82,0,recovered,2023-02-03T00:00:00Z
1108,Singapore,SG,,,,1.35,103.82,0,recovered,2023-02-04T00:00:00Z
1109,Singapore,SG,,,,1.35,103.82,0,recovered,2023-02-05T00:00:00Z
1110,Singapore,SG,,,,1.35,103.82,0,recovered,2023-02-06T00:00:00Z
1111,Singapore,SG,,,,1.35,103.82,0,recovered,2023-02-07T00:00:00Z
1112,Singapore,SG,,,,1.35,103.82,0,recovered,2023-02-08T00:00:00Z
1113,Singapore,SG,,,,1.35,103.82,0,recovered,2023-02-09T00:00:00Z
1114,Singapore,SG,,,,1.35,103.82,0,recovered,2023-02-10T00:00:00Z
1115,Singapore,SG,,,,1.35,103.82,0,recovered,2023-02-11T00:00:00Z
1116,Singapore,SG,,,,1.35,103.82,0,recovered,2023-02-12T00:00:00Z
1117,Singapore,SG,,,,1.35,103.82,0,recovered,2023-02-13T00:00:00Z
1118,Singapore,SG,,,,1.35,103.82,0,recovered,2023-02-14T00:00:00Z
1119,Singapore,SG,,,,1.35,103.82,0,recovered,2023-02-15T00:00:00Z
1120,Singapore,SG,,,,1.35,103.82,0,recovered,2023-02-16T00:00:00Z
1121,Singapore,SG,,,,1.35,103.82,0,recovered,2023-02-17T00:00:00Z
1122,Singapore,SG,,,,1.35,103.82,0,recovered,2023-02-18T00:00:00Z
1123,Singapore,SG,,,,1.35,103.82,0,recovered,2023-02-19T00:00:00Z
1124,Singapore,SG,,,,1.35,103.82,0,recovered,2023-02-20T00:00:00Z
1125,Singapore,SG,,,,1.35,103.82,0,recovered,2023-02-21T00:00:00Z
1126,Singapore,SG,,,,1.35,103.82,0,recovered,2023-02-22T00:00:00Z
1127,Singapore,SG,,,,1.35,103.82,0,recovered,2023-02-23T00:00:00Z
1128,Singapore,SG,,,,1.35,103.82,0,recovered,2023-02-24T00:00:00Z
1129,Singapore,SG,,,,1.35,103.82,0,recovered,2023-02-25T00:00:00Z
1130,Singapore,SG,,,,1.35,103.82,0,recovered,2023-02-26T00:00:00Z
1131,Singapore,SG,,,,1.35,103.82,0,recovered,2023-02-27T00:00:00Z
1132,Singapore,SG,,,,1.35,103.82,0,recovered,2023-02-28T00:00:00Z
1133,Singapore,SG,,,,1.35,103.82,0,recovered,2023-03-01T00:00:00Z
1134,Singapore,SG,,,,1.35,103.82,0,recovered,2023-03-02T00:00:00Z
1135,Singapore,SG,,,,1.35,103.82,0,recovered,2023-03-03T00:00:00Z
1136,Singapore,SG,,,,1.35,103.82,0,recovered,2023-03-04T00:00:00Z
1137,Singapore,SG,,,,1.35,103.82,0,recovered,2023-03-05T00:00:00Z
1138,Singapore,SG,,,,1.35,103.82,0,recovered,2023-03-06T00:00:00Z
1139,Singapore,SG,,,,1.35,103.82,0,recovered,2023-03-07T00:00:00Z
1140,Singapore,SG,,,,1.35,103.82,0,recovered,2023-03-08T00:00:00Z
1141,Singapore,SG,,,,1.35,103.82,0,recovered,2023-03-09T00:00:00Z
