,membership_id,first_name,last_name,email,date_of_birth,mobile_no,above_18
20,Smith_c7677,Patty,Smith,Patty_Smith@ross.com,19750827,59428759,True
29,Wang_04168,Sean,Wang,Sean_Wang@gibson-calderon.com,19600311,25595367,True
30,Estrada_0bf5b,Richard,Estrada,Richard_Estrada@malone.com,19921015,22821527,True
34,Cline_825fb,Jackson,Cline,Jackson_Cline@hudson.net,19710121,48056519,True
36,Williams_3e726,Allen,Williams,Allen_Williams@sanchez.net,19971109,77991519,True
43,Flores_f6828,Eric,Flores,Eric_Flores@dillon-patterson.com,19820107,36641663,True
44,Richardson_ef158,Anna,Richardson,Anna_Richardson@perry.com,19670223,64083047,True
69,Gomez_876bf,Taylor,Gomez,Taylor_Gomez@johnston.com,19821022,24007567,True
70,Rodriguez_93ac7,Jeremy,Rodriguez,Jeremy_Rodriguez@roth.com,19780828,32567967,True
71,Garcia_26b55,April,Garcia,April_Garcia@hall.com,19871231,24650447,True
75,Garza_40199,Sharon,Garza,Sharon_Garza@duran.com,20020830,59411567,True
81,Sanchez_364a7,Lori,Sanchez,Lori_Sanchez@hardin-warner.net,19980420,76989167,True
86,Armstrong_e2fb8,Jason,Armstrong,Jason_Armstrong@curtis.com,19921116,68514503,True
89,Allison_0c21b,Jessica,Allison,Jessica_Allison@harper.com,19721030,66821135,True
93,Hall_5eccd,Arthur,Hall,Arthur_Hall@gonzalez.com,19940311,65493407,True
102,Meza_5bcfa,Sherry,Meza,Sherry_Meza@west.com,19970409,33491119,True
125,Turner_0303a,Matthew,Turner,Matthew_Turner@martinez.com,19940707,73291455,True
135,Randolph_76c7a,Sophia,Randolph,Sophia_Randolph@leonard-ramirez.com,19500807,94510479,True
150,Thompson_8382b,Samuel,Thompson,Samuel_Thompson@sanchez-carroll.com,19840304,99063183,True
154,Lee_76cce,Zachary,Lee,Zachary_Lee@smith.com,19870704,36447751,True
157,Pittman_44c4d,Kara,Pittman,Kara_Pittman@gomez-vaughn.com,19680525,80502567,True
195,Anthony_ebd30,Gabriella,Anthony,Gabriella_Anthony@castro.com,19970106,89108943,True
201,Cantrell_b19eb,Misty,Cantrell,Misty_Cantrell@flores-decker.com,19570303,79619831,True
204,Guerrero_d55cb,Kelly,Guerrero,Kelly_Guerrero@riggs.com,19970203,53052583,True
205,Nichols_9226a,David,Nichols,David_Nichols@rocha.com,19620819,62269575,True
215,Galloway_1a4d2,Shawn,Galloway,Shawn_Galloway@johnston.com,19850419,17471367,True
221,Sanford_c7e24,Dennis,Sanford,Dennis_Sanford@lopez-archer.com,19800806,88084407,True
227,Murphy_0851c,Amanda,Murphy,Amanda_Murphy@bright-gibbs.net,20000730,30501351,True
230,Martin_35f44,Bobby,Martin,Bobby_Martin@jackson.com,20000331,43871143,True
243,Bishop_b0506,Vernon,Bishop,Vernon_Bishop@clark-larson.com,19730710,78396487,True
250,Meyers_2871d,Phillip,Meyers,Phillip_Meyers@mcneil-williams.com,19601022,95409119,True
282,Martin_6f48d,Robert,Martin,Robert_Martin@crawford.com,19500718,78547615,True
292,Taylor_4fbc5,William,Taylor,William_Taylor@warner-morgan.net,19860131,42996791,True
309,Brady_bd431,Michael,Brady,Michael_Brady@wells-sanders.com,19500323,65342263,True
310,Rhodes_df266,James,Rhodes,James_Rhodes@green.com,19771010,27465295,True
317,Ramirez_5ff32,Ryan,Ramirez,Ryan_Ramirez@pham.com,19850425,67907071,True
324,Thompson_52cd0,Stephen,Thompson,Stephen_Thompson@hess.com,19511112,75033031,True
330,Williams_3b0d4,Susan,Williams,Susan_Williams@rowland.com,19761205,95688383,True
380,Johnson_d53b7,Dylan,Johnson,Dylan_Johnson@montgomery.com,19960107,52048815,True
381,King_01148,Pamela,King,Pamela_King@soto.net,19930929,72515095,True
387,Smith_634dd,Robert,Smith,Robert_Smith@joyce.com,19870424,76366335,True
389,Gonzalez_31e9a,Samantha,Gonzalez,Samantha_Gonzalez@rios-fletcher.com,19980829,40456647,True
434,Walker_ba5b7,Jeffery,Walker,Jeffery_Walker@watson.com,19560624,46574799,True
435,Alvarez_7bc5d,Todd,Alvarez,Todd_Alvarez@vaughn.com,19741125,42011263,True
444,Willis_d0046,Brett,Willis,Brett_Willis@gibbs.com,19610908,86342007,True
453,Wilkins_48a0a,Kristin,Wilkins,Kristin_Wilkins@harvey.com,20020511,84393855,True
454,Lynch_49515,Joshua,Lynch,Joshua_Lynch@daniels.com,19650526,71572839,True
462,Williams_e69d3,Deborah,Williams,Deborah_Williams@howard.com,19841121,11357647,True
467,Martin_6cf84,Timothy,Martin,Timothy_Martin@camacho-sparks.net,20030501,92008191,True
477,Bright_776f9,Sarah,Bright,Sarah_Bright@winters.com,19981115,24327743,True
479,Anderson_48071,Rebecca,Anderson,Rebecca_Anderson@carter-ramirez.com,19730827,27023231,True
485,Frost_5ba4a,Roger,Frost,Roger_Frost@cole-robinson.com,19700217,94120431,True
494,Dunn_84e93,Eric,Dunn,Eric_Dunn@reese.com,19601207,13714207,True
497,Pierce_1096d,Heather,Pierce,Heather_Pierce@williams-edwards.com,19570813,32413999,True
504,Erickson_6b984,Jordan,Erickson,Jordan_Erickson@martinez.com,19750802,64756655,True
535,Ali_f361f,Susan,Ali,Susan_Ali@leach.com,19990105,74229143,True
545,Wilson_f0626,Richard,Wilson,Richard_Wilson@hernandez.com,19990703,36349175,True
550,Butler_a60e8,Jon,Butler,Jon_Butler@blackwell.com,19870318,78121695,True
558,Phillips_01acd,Paul,Phillips,Paul_Phillips@vance.com,19970216,11213063,True
561,Parker_5ebc0,Adam,Parker,Adam_Parker@yoder.com,19980722,27783391,True
564,Walker_a21be,Cory,Walker,Cory_Walker@torres.net,19621208,37614935,True
589,Sanchez_cf3c9,Jeffrey,Sanchez,Jeffrey_Sanchez@jones-butler.com,19950914,73226919,True
592,Martin_7bf56,Bianca,Martin,Bianca_Martin@mitchell.com,19780205,86924127,True
617,King_2f8a4,Jeffrey,King,Jeffrey_King@hicks-boyd.com,19770623,68622991,True
640,Wiggins_c46e0,Melanie,Wiggins,Melanie_Wiggins@mcdonald-rice.com,20000214,91699615,True
645,Smith_e0b77,Daniel,Smith,Daniel_Smith@cummings.com,19860308,26613823,True
681,Lawrence_fbccd,Scott,Lawrence,Scott_Lawrence@aguilar.com,19760104,59217375,True
688,Sosa_84005,James,Sosa,James_Sosa@robles-hawkins.com,19570811,47053447,True
696,Jackson_b5943,Jamie,Jackson,Jamie_Jackson@carr.com,19770526,71512687,True
705,Hatfield_bf691,Jeffrey,Hatfield,Jeffrey_Hatfield@morgan-erickson.com,19701014,69441735,True
706,Phillips_c68d2,James,Phillips,James_Phillips@green-taylor.com,19611019,89808183,True
707,Moore_555b6,Jessica,Moore,Jessica_Moore@harrison-bautista.com,19990905,27155335,True
712,Campbell_29050,Mark,Campbell,Mark_Campbell@brown.com,20040705,61242343,True
715,Anderson_6c12a,Richard,Anderson,Richard_Anderson@peck-franklin.com,19700405,24730327,True
722,Hahn_38908,Lauren,Hahn,Lauren_Hahn@simmons.com,19720620,15132727,True
733,Edwards_96edd,Faith,Edwards,Faith_Edwards@price.net,19770726,44653063,True
735,Vargas_b176f,Laura,Vargas,Laura_Vargas@gallagher-young.com,19770910,40816943,True
741,Lewis_f236b,Sarah,Lewis,Sarah_Lewis@wyatt.com,19810225,37945839,True
744,Huff_88806,Brad,Huff,Brad_Huff@moore.com,19611227,28207575,True
751,Richardson_e102e,Alexander,Richardson,Alexander_Richardson@perez.com,19581025,34675335,True
755,Moore_4788f,Matthew,Moore,Matthew_Moore@nichols.com,20030707,66391671,True
763,Howard_99bdb,Joseph,Howard,Joseph_Howard@williams.com,19520726,46746383,True
774,Richards_e1b0f,Anne,Richards,Anne_Richards@mccarthy.com,19690609,84963423,True
776,Thomas_a6b2a,Derek,Thomas,Derek_Thomas@green.com,19640724,37329863,True
788,Bonilla_07c60,Joseph,Bonilla,Joseph_Bonilla@freeman.com,19740508,66912183,True
790,Barber_8e448,Gary,Barber,Gary_Barber@roberts.net,19551112,44790343,True
797,Johnson_01409,Brian,Johnson,Brian_Johnson@carr.com,19810617,76631695,True
799,Peterson_d3043,Christine,Peterson,Christine_Peterson@hamilton.com,19741119,57627175,True
805,Bautista_06ca7,Christopher,Bautista,Christopher_Bautista@rodgers.com,19940212,48834663,True
816,Krueger_f41b0,Barbara,Krueger,Barbara_Krueger@strong.com,19520322,30905343,True
828,Oconnor_5d9be,Monica,Oconnor,Monica_Oconnor@gordon.com,19800107,97887295,True
840,Johnson_317e0,Peggy,Johnson,Peggy_Johnson@berg.com,19720328,34795631,True
844,Herrera_2275e,Susan,Herrera,Susan_Herrera@gomez.com,19550826,24027735,True
846,Matthews_33105,Andrew,Matthews,Andrew_Matthews@ramos-vaughn.com,19880219,90821359,True
851,Kennedy_e1e07,Erin,Kennedy,Erin_Kennedy@hendricks-mason.com,19650109,35865639,True
853,Lopez_ad64b,Jason,Lopez,Jason_Lopez@wood-hill.com,19740830,11287127,True
864,Clark_850e2,Jerry,Clark,Jerry_Clark@perez.com,19950928,46859655,True
867,Kim_61638,Alyssa,Kim,Alyssa_Kim@beck-zuniga.com,19901108,59732335,True
868,Williams_225d6,Courtney,Williams,Courtney_Williams@garner.com,19990919,27598999,True
892,Nelson_49b51,Matthew,Nelson,Matthew_Nelson@hunt.com,19580127,45515247,True
900,Moore_bd6b1,Robert,Moore,Robert_Moore@young.com,19550415,19512199,True
914,Mcgee_84007,Nicole,Mcgee,Nicole_Mcgee@reyes.com,19590303,34539135,True
915,Hunter_c76d0,Danielle,Hunter,Danielle_Hunter@ballard.com,19710811,99947039,True
928,Perez_016c7,Kelly,Perez,Kelly_Perez@ward-wilson.com,19600519,60614735,True
929,Odom_e8796,Mary,Odom,Mary_Odom@morgan-reynolds.com,19630813,98738367,True
932,Gibson_7ade8,Arthur,Gibson,Arthur_Gibson@thompson-thompson.com,19610306,75411807,True
947,Miller_5a80b,Christopher,Miller,Christopher_Miller@kelly.com,19850131,16222031,True
951,Hopkins_7c2f6,Amber,Hopkins,Amber_Hopkins@hall.com,19750831,15289039,True
953,Garcia_76b84,Nancy,Garcia,Nancy_Garcia@lewis-hayden.com,19680305,62971303,True
956,Rhodes_a5121,Alex,Rhodes,Alex_Rhodes@russell.net,19780913,75808519,True
957,Bennett_1ed65,Daniel,Bennett,Daniel_Bennett@stephens-oneill.com,19730228,20776023,True
975,Woodard_0dee6,Kevin,Woodard,Kevin_Woodard@lynch.com,19550809,30319911,True
989,Peterson_9e709,Alan,Peterson,Alan_Peterson@burch.com,19760129,88993663,True
994,Grant_46694,Jacob,Grant,Jacob_Grant@cummings.com,19911204,94196575,True
996,Johnson_aa25e,Gabrielle,Johnson,Gabrielle_Johnson@serrano.com,19580610,35424207,True
999,Morales_0598c,Caleb,Morales,Caleb_Morales@collins.com,19660329,69459679,True
1003,Dominguez_e2663,James,Dominguez,James_Dominguez@black.com,19881205,49527207,True
1014,Cardenas_35ae4,Kathryn,Cardenas,Kathryn_Cardenas@skinner.com,19830508,81016239,True
1029,Santiago_5cbec,Jeffrey,Santiago,Jeffrey_Santiago@duncan.com,19750228,93827623,True
1032,Mclaughlin_b2423,Andrew,Mclaughlin,Andrew_Mclaughlin@fitzpatrick-lucas.com,19730514,66417719,True
1035,Porter_e9e42,Bryan,Porter,Bryan_Porter@elliott.com,19570214,88089671,True
1038,Smith_750a9,Brendan,Smith,Brendan_Smith@williams.com,19580516,67839775,True
1048,Hernandez_f3251,Jeffrey,Hernandez,Jeffrey_Hernandez@mcdaniel.com,19891231,76263607,True
1050,Miller_375ad,Michael,Miller,Michael_Miller@taylor-moore.com,19640520,17581687,True
1062,Newman_069d1,Theresa,Newman,Theresa_Newman@perry-scott.com,19941129,36575799,True
1069,Romero_7ffde,Paul,Romero,Paul_Romero@middleton-jones.com,19601007,98843943,True
1074,Choi_e37de,Janet,Choi,Janet_Choi@neal.com,19860718,66675695,True
1093,Bender_b8ade,Mark,Bender,Mark_Bender@oneal-wilkins.com,19690911,27354911,True
1095,Brown_7bef7,Abigail,Brown,Abigail_Brown@jones-underwood.com,19800810,15726143,True
1109,Dominguez_821d7,Antonio,Dominguez,Antonio_Dominguez@nichols.com,19801115,75861007,True
1119,Morris_1057d,Tony,Morris,Tony_Morris@davis.com,19700805,33280551,True
1120,Carlson_d8db2,Randy,Carlson,Randy_Carlson@rivera.com,19550530,51211679,True
1121,Holland_a8bb9,Savannah,Holland,Savannah_Holland@williams-kelly.com,20040704,79359575,True
1127,Pierce_7e42c,Mitchell,Pierce,Mitchell_Pierce@houston-conway.net,20010824,96845551,True
1129,West_0afba,Angela,West,Angela_West@anderson-fitzgerald.com,19810427,59397207,True
1153,Peters_4b936,Kevin,Peters,Kevin_Peters@edwards.com,19670602,28855487,True
1167,Conway_b14b9,Benjamin,Conway,Benjamin_Conway@burton-paul.com,19551228,23338319,True
1181,Stewart_c3765,Andrew,Stewart,Andrew_Stewart@wong.com,19511202,19799879,True
1182,Jones_e27fe,Brenda,Jones,Brenda_Jones@lang.com,19550804,62608823,True
1216,Bailey_5c8a5,Elizabeth,Bailey,Elizabeth_Bailey@stephenson-arnold.com,19630101,20218071,True
1219,Levy_1b739,Kelly,Levy,Kelly_Levy@barajas.com,19940805,74468255,True
1226,Burton_e624b,Thomas,Burton,Thomas_Burton@dunn-avery.net,19750419,14613071,True
1251,Peterson_c41f4,Paul,Peterson,Paul_Peterson@bullock.com,20021225,59148863,True
1277,Reilly_1c829,Michael,Reilly,Michael_Reilly@cooper.net,19720514,33876967,True
1279,Martinez_d6f6b,Alejandra,Martinez,Alejandra_Martinez@jones.com,19791221,87381327,True
1302,Sanders_e813f,Timothy,Sanders,Timothy_Sanders@harrell.com,19521003,63453583,True
1307,Little_9b0c8,Latoya,Little,Latoya_Little@martinez.com,19780708,43404335,True
1308,Harvey_119d2,Sarah,Harvey,Sarah_Harvey@martin-smith.com,19600331,58520471,True
1316,Ortiz_84be0,Melissa,Ortiz,Melissa_Ortiz@lee-malone.com,19580729,49637727,True
1321,Hernandez_bcb5b,Brooke,Hernandez,Brooke_Hernandez@benitez.com,19911114,97309975,True
1322,Livingston_19295,Lisa,Livingston,Lisa_Livingston@glover.com,19500423,20519415,True
1323,Mason_6bc9b,Eugene,Mason,Eugene_Mason@gardner.com,19781213,47810855,True
1327,Cunningham_12799,Daniel,Cunningham,Daniel_Cunningham@cooper.com,19730326,78657983,True
1332,Smith_894dd,Alex,Smith,Alex_Smith@johnson.com,20020503,58965703,True
1335,Vargas_ed53f,Jessica,Vargas,Jessica_Vargas@miller-price.net,19810517,48925903,True
1338,Clark_92a9e,Olivia,Clark,Olivia_Clark@wade-roberson.com,19741001,67793735,True
1348,Carney_0d73a,Cathy,Carney,Cathy_Carney@williams.net,19970522,31104151,True
1369,Baldwin_b3439,Haley,Baldwin,Haley_Baldwin@bush-wolfe.com,19650413,31940631,True
1372,Wilson_51998,Alexander,Wilson,Alexander_Wilson@barron-garcia.com,19881111,13893319,True
1376,Cole_2b0a2,April,Cole,April_Cole@vargas.com,19610622,65186503,True
1378,Riley_3e1f8,Holly,Riley,Holly_Riley@stokes.com,19740728,55620431,True
1390,Poole_23f28,Jeffrey,Poole,Jeffrey_Poole@cross.com,19570204,82077439,True
1396,Poole_46b07,Rachel,Poole,Rachel_Poole@jones.net,19760807,35095087,True
1403,Ward_57d0c,Sheena,Ward,Sheena_Ward@wilson-mcbride.com,19730926,96834175,True
1406,Smith_8477e,Cynthia,Smith,Cynthia_Smith@smith.com,19510509,48760255,True
1419,Clayton_6ad7d,Kevin,Clayton,Kevin_Clayton@miller.com,19750807,25081071,True
1445,Coleman_db259,Sarah,Coleman,Sarah_Coleman@novak.com,19500119,37411775,True
1448,Becker_dd317,Cody,Becker,Cody_Becker@hansen.com,19601216,76003567,True
1449,Miller_d8bf5,Molly,Miller,Molly_Miller@king-kelly.net,19770511,99947663,True
1450,Bailey_fac5d,Craig,Bailey,Craig_Bailey@hancock-brown.com,19970713,33032303,True
1456,Gray_00c0a,Patricia,Gray,Patricia_Gray@dawson.com,19660319,18281751,True
1462,Coffey_702fc,Casey,Coffey,Casey_Coffey@west.com,20040802,26436239,True
1468,Rivera_6a7ce,Robert,Rivera,Robert_Rivera@gibson.com,19500722,35020847,True
1469,Lewis_afe1c,Michelle,Lewis,Michelle_Lewis@wiggins-thornton.com,19830121,64700455,True
1472,Owens_4cd37,John,Owens,John_Owens@callahan.com,19670424,71230983,True
1474,Smith_313dd,Sarah,Smith,Sarah_Smith@kirk.com,19680804,22702359,True
1482,Lucas_b2c40,Nancy,Lucas,Nancy_Lucas@aguilar.com,19830607,91477863,True
1498,Murray_a46c7,Christina,Murray,Christina_Murray@collins-day.com,19791217,35027583,True
1499,Berry_c02ad,Emma,Berry,Emma_Berry@charles.com,19940107,34612959,True
1518,Gross_2742d,Christopher,Gross,Christopher_Gross@grimes.net,20031114,49217831,True
1519,Hawkins_8aa4f,Jason,Hawkins,Jason_Hawkins@adams-hunter.com,19541001,31750255,True
1521,Rodriguez_84bf3,Jeffrey,Rodriguez,Jeffrey_Rodriguez@johnson-white.com,19690718,29947599,True
1532,Miller_84bb3,Christina,Miller,Christina_Miller@marshall-lucas.com,19530425,92153503,True
1571,Miller_208dd,Maria,Miller,Maria_Miller@roberts.com,19941221,86317751,True
1573,Davis_3a81f,Eileen,Davis,Eileen_Davis@knox.com,19520404,19544735,True
1594,Miller_4e2a7,Harry,Miller,Harry_Miller@warner-jackson.com,19890613,63478047,True
1602,Montes_29eaa,Ellen,Montes,Ellen_Montes@sellers.com,19610714,16519759,True
1604,Mclean_3b78d,Gregory,Mclean,Gregory_Mclean@valencia.com,19610801,38860951,True
1607,Spencer_071ed,Angela,Spencer,Angela_Spencer@lopez.com,19980502,18410783,True
1609,Price_35238,Christina,Price,Christina_Price@kennedy-tran.com,19860805,65381695,True
1617,Randall_fe7f8,Amber,Randall,Amber_Randall@boyd-freeman.net,19520910,60506343,True
1618,Morris_f9657,Matthew,Morris,Matthew_Morris@boyle-novak.com,19981111,49822607,True
1622,Blackburn_0c5fb,Cindy,Blackburn,Cindy_Blackburn@bolton.net,20001008,86098071,True
1626,Jacobson_496c2,Matthew,Jacobson,Matthew_Jacobson@bishop-thomas.com,19510412,99110191,True
1645,Jones_c6f5d,Stacy,Jones,Stacy_Jones@perez.com,19940909,71998399,True
1656,Zimmerman_881d6,Scott,Zimmerman,Scott_Zimmerman@fischer.com,19560130,70071511,True
1658,Silva_80f7f,Dakota,Silva,Dakota_Silva@barker-miller.com,19791007,41853599,True
1666,Spencer_d5b01,Jacob,Spencer,Jacob_Spencer@jefferson.net,19620226,41992359,True
1677,Hoffman_aeb21,Matthew,Hoffman,Matthew_Hoffman@lara.com,20050504,44628735,True
1691,Oliver_94edc,Matthew,Oliver,Matthew_Oliver@mitchell.com,19720423,14016935,True
1694,Maddox_6974f,Roger,Maddox,Roger_Maddox@richards.com,19810426,86988519,True
1724,Gutierrez_c61e8,Bryan,Gutierrez,Bryan_Gutierrez@short-huerta.net,19881118,84795039,True
1741,Schultz_5fff4,Peter,Schultz,Peter_Schultz@shah.com,19570829,78301895,True
1747,Burke_ea689,Justin,Burke,Justin_Burke@johnson.com,19961202,43401655,True
1749,Ramsey_4c3e8,Sarah,Ramsey,Sarah_Ramsey@hayes.com,19640622,63376279,True
1751,Chang_e27c8,Michael,Chang,Michael_Chang@watkins.com,19900209,99632783,True
1777,Spencer_6aae7,Patricia,Spencer,Patricia_Spencer@holland-rodriguez.com,20040323,52772407,True
1782,Hughes_bf91b,Pamela,Hughes,Pamela_Hughes@rivas-garza.com,19570116,32117783,True
1790,Morris_25892,Jimmy,Morris,Jimmy_Morris@hall-watkins.com,19640120,31836895,True
1797,Romero_e5750,Lauren,Romero,Lauren_Romero@davis.com,20020425,50100783,True
1807,Jones_2b07e,Adam,Jones,Adam_Jones@kline-reeves.com,19570107,83246639,True
1814,Murphy_5dc4e,Matthew,Murphy,Matthew_Murphy@graham.com,19600216,18189831,True
1819,Arroyo_a6982,Jessica,Arroyo,Jessica_Arroyo@flores-evans.com,20021019,24971015,True
1829,Zuniga_a2d94,Caleb,Zuniga,Caleb_Zuniga@stone.net,19681028,36180711,True
1853,Moreno_8048c,Cheyenne,Moreno,Cheyenne_Moreno@hampton.com,19600912,61341887,True
1864,Lopez_93fe3,Courtney,Lopez,Courtney_Lopez@sanders.com,19710810,35323391,True
1867,Williamson_b834c,Kenneth,Williamson,Kenneth_Williamson@perez.com,19541003,36169599,True
1879,Browning_1f631,Bruce,Browning,Bruce_Browning@robertson-baldwin.com,19631113,22984503,True
1888,Gilbert_cba39,Shannon,Gilbert,Shannon_Gilbert@brown-schaefer.com,19920613,34472903,True
1895,Brown_cde99,Amanda,Brown,Amanda_Brown@williams.com,19541218,52400391,True
1920,Gomez_010a6,Riley,Gomez,Riley_Gomez@hoffman.com,19810211,20838807,True
1921,Price_e8f96,Shelby,Price,Shelby_Price@fuller.net,19860807,74350543,True
1925,Harris_fc222,Scott,Harris,Scott_Harris@mullins.com,19901214,36307567,True
1926,Franklin_f8d94,Bonnie,Franklin,Bonnie_Franklin@gillespie.com,19880714,22008807,True
1929,Morris_73a97,Ashley,Morris,Ashley_Morris@marshall.net,20021001,13085855,True
1960,Jensen_676e2,Jack,Jensen,Jack_Jensen@kent-williamson.net,19601229,93571087,True
1962,Armstrong_f79a4,Daniel,Armstrong,Daniel_Armstrong@brown.com,19820714,18991247,True
1972,Donovan_6c619,Susan,Donovan,Susan_Donovan@jordan-anderson.com,19690130,85222335,True
1976,Powell_4f74d,Michael,Powell,Michael_Powell@mccall.com,19941127,63894311,True
1978,Lowe_73be1,Alexander,Lowe,Alexander_Lowe@morris.com,19610508,93074023,True
